first_name,last_name,age,phone_number,set_id,number,theme,subtheme,year,name,pieces,us_price,image_url,quantity
Kimberly,Beckstead,24,216-555-2549,24701,76062,DC Comics Super Heroes,Mighty Micros,2018,Robin vs. Bane,77,9.99,http://images.brickset.com/sets/images/76062-1.jpg,1
Neel,Garvin,35,819-555-3189,25626,70595,Ninjago,Rise of the Villains,2018,Ultra Stealth Raider,1093,119.99,http://images.brickset.com/sets/images/70595-1.jpg,1
Neel,Garvin,35,819-555-3189,24665,21031,Architecture,,2018,Burj Khalifa,333,39.99,http://images.brickset.com/sets/images/21031-1.jpg,1
Chelsea,Bouchard,41,NA,24695,31048,Creator,,2018,Lakeside Lodge,368,29.99,http://images.brickset.com/sets/images/31048-1.jpg,1
Chelsea,Bouchard,41,NA,25626,70595,Ninjago,Rise of the Villains,2018,Ultra Stealth Raider,1093,119.99,http://images.brickset.com/sets/images/70595-1.jpg,1
Chelsea,Bouchard,41,NA,24721,10831,Duplo,,2018,My First Caterpillar,19,9.99,http://images.brickset.com/sets/images/10831-1.jpg,1
Bryanna,Welsh,19,NA,24797,75138,Star Wars,Episode V,2018,Hoth Attack,233,24.99,http://images.brickset.com/sets/images/75138-1.jpg,1
Bryanna,Welsh,19,NA,24701,76062,DC Comics Super Heroes,Mighty Micros,2018,Robin vs. Bane,77,9.99,http://images.brickset.com/sets/images/76062-1.jpg,3
Caleb,Garcia-Wideman,37,907-555-9236,24730,41115,Friends,,2018,Emma's Creative Workshop,108,9.99,http://images.brickset.com/sets/images/41115-1.jpg,1
Caleb,Garcia-Wideman,37,907-555-9236,25611,21127,Minecraft,Minifig-scale,2018,The Fortress,NA,109.99,http://images.brickset.com/sets/images/21127-1.jpg,2
Chase,Fortenberry,19,205-555-3704,24707,10801,Duplo,,2018,Baby Animals,13,9.99,http://images.brickset.com/sets/images/10801-1.jpg,1
Chase,Fortenberry,19,205-555-3704,24713,10809,Duplo,,2018,Police Patrol,15,14.99,http://images.brickset.com/sets/images/10809-1.jpg,1
Kevin,Cruz,20,947-555-7946,24767,70335,Nexo Knights,Ultimate,2018,Ultimate Lavaria,69,9.99,http://images.brickset.com/sets/images/70335-1.jpg,2
Connor,Brown,36,516-555-4310,24548,71230,Dimensions,Fun Pack,2018,Fun Pack: Doc Brown,69,14.99,http://images.brickset.com/sets/images/71230-1.jpg,1
Connor,Brown,36,516-555-4310,24913,60112,City,Fire,2018,Fire Engine,376,49.99,http://images.brickset.com/sets/images/60112-1.jpg,1
Connor,Brown,36,516-555-4310,26034,41573,Mixels,Series 9,2018,Sweepz,61,4.99,,1
Toni,Borison,40,284-555-4560,25626,70595,Ninjago,Rise of the Villains,2018,Ultra Stealth Raider,1093,119.99,http://images.brickset.com/sets/images/70595-1.jpg,1
Toni,Borison,40,284-555-4560,24994,10251,Advanced Models,Modular Buildings,2018,Brick Bank,2380,169.99,http://images.brickset.com/sets/images/10251-1.jpg,1
Daniel,Hurst,44,251-555-0845,24903,41558,Mixels,Series 7,2018,Mixadel,63,4.99,http://images.brickset.com/sets/images/41558-1.jpg,1
Daniel,Hurst,44,251-555-0845,24695,31048,Creator,,2018,Lakeside Lodge,368,29.99,http://images.brickset.com/sets/images/31048-1.jpg,1
Judith,Webb,39,917-555-7417,26058,5005059,Gear,Video Games/PS3,2018,Marvel Avengers PS3 Video Game,NA,49.99,http://images.brickset.com/sets/images/5005059-1.jpg,2
Nicholas,Belfageoua,46,606-555-4814,25881,853549,Gear,Key Chains/Friends,2018,Mia Key Chain,NA,5.99,http://images.brickset.com/sets/images/853549-1.jpg,1
Nicholas,Belfageoua,46,606-555-4814,25642,70327,Nexo Knights,,2018,The King's Mech,375,29.99,http://images.brickset.com/sets/images/70327-1.jpg,1
Amanda,Tronnier,45,317-555-7477,24959,75139,Star Wars,The Force Awakens,2018,Battle on Takodana,409,59.99,http://images.brickset.com/sets/images/75139-1.jpg,1
Amanda,Tronnier,45,317-555-7477,25887,853543,Ninjago,,2018,Ninjago Party Set,70,7.99,http://images.brickset.com/sets/images/853543-1.jpg,2
Amanda,Tronnier,45,317-555-7477,24685,60118,City,Traffic,2018,Garbage Truck,248,19.99,http://images.brickset.com/sets/images/60118-1.jpg,1
Amanda,Tronnier,45,317-555-7477,25901,5004612,Gear,Watches/Clocks,2018,Lucy Wyldstyle Minifigure Link Watch,NA,24.99,http://images.brickset.com/sets/images/5004612-1.jpg,1
Jacob,Nzabanita,31,339-555-2572,24732,41117,Friends,Pop Star,2018,Pop Star TV Studio,194,19.99,http://images.brickset.com/sets/images/41117-1.jpg,1
Jacob,Nzabanita,31,339-555-2572,24793,75133,Star Wars,Battlefront,2018,Rebel Alliance Battle Pack,101,12.99,http://images.brickset.com/sets/images/75133-1.jpg,2
Jacob,Nzabanita,31,339-555-2572,24723,41172,Elves,,2018,The Water Dragon Adventure,212,19.99,http://images.brickset.com/sets/images/41172-1.jpg,1
Jacob,Nzabanita,31,339-555-2572,25920,75151,Star Wars,Episode III,2018,Clone Turbo Tank,903,109.99,http://images.brickset.com/sets/images/75151-1.jpg,1
Hannah,Drews Stunkel,55,339-555-6320,25628,70590,Ninjago,,2018,Airjitzu Battle Grounds,666,59.99,,1
Hannah,Drews Stunkel,55,339-555-6320,25624,70593,Ninjago,Skybound,2018,The Green NRG Dragon,567,49.99,http://images.brickset.com/sets/images/70593-1.jpg,3
Hannah,Drews Stunkel,55,339-555-6320,24734,41119,Friends,,2018,Heartlake Cupcake Cafe,439,39.99,http://images.brickset.com/sets/images/41119-1.jpg,1
Erik,Brownrigg,44,NA,25621,70589,Ninjago,Rise of the Villains,2018,Rock Roader,406,39.99,http://images.brickset.com/sets/images/70589-1.jpg,1
Jackson,Martinez,43,250-555-1732,24669,71304,Bionicle,Companions,2018,Terak - Creature of Earth,74,9.99,http://images.brickset.com/sets/images/71304-1.jpg,1
Jackson,Martinez,43,250-555-1732,24904,41559,Mixels,Series 7,2018,Paladum,64,4.99,http://images.brickset.com/sets/images/41559-1.jpg,2
Jackson,Martinez,43,250-555-1732,24665,21031,Architecture,,2018,Burj Khalifa,333,39.99,http://images.brickset.com/sets/images/21031-1.jpg,3
Riley,Ott,51,517-555-2093,24785,75126,Star Wars,MicroFighters,2018,First Order Snowspeeder,91,9.99,http://images.brickset.com/sets/images/75126-1.jpg,2
Riley,Ott,51,517-555-2093,24772,70604,Ninjago,Skybound,2018,Tiger Widow Island,450,49.99,http://images.brickset.com/sets/images/70604-1.jpg,1
Hector,Collins,20,340-555-2508,24781,75116,Star Wars,Buildable Figures,2018,Finn,98,24.99,http://images.brickset.com/sets/images/75116-1.jpg,1
Hector,Collins,20,340-555-2508,24723,41172,Elves,,2018,The Water Dragon Adventure,212,19.99,http://images.brickset.com/sets/images/41172-1.jpg,1
Hector,Collins,20,340-555-2508,24627,75098,Star Wars,Ultimate Collector Series,2018,Assault on Hoth,2144,249.99,http://images.brickset.com/sets/images/75098-1.jpg,1
Mckenzie,Cherry,37,336-555-9269,25878,853505,Gear,Role-Play toys,2018,NK Sword Standard,NA,9.99,http://images.brickset.com/sets/images/853505-1.jpg,1
Michelle,Uguccioni,17,NA,24756,70310,Nexo Knights,,2018,Knighton Battle Blaster,76,9.99,http://images.brickset.com/sets/images/70310-1.jpg,1
Michelle,Uguccioni,17,NA,24896,31046,Creator,,2018,Fast Car,222,19.99,http://images.brickset.com/sets/images/31046-1.jpg,1
Rebecca,Duval,48,908-555-4029,24899,41114,Friends,Party,2018,Party Styling,54,4.99,http://images.brickset.com/sets/images/41114-1.jpg,2
Rebecca,Duval,48,908-555-4029,26034,41573,Mixels,Series 9,2018,Sweepz,61,4.99,,1
Rebecca,Duval,48,908-555-4029,24664,21028,Architecture,Skylines,2018,New York City,598,59.99,http://images.brickset.com/sets/images/21028-1.jpg,2
Katherine,Hogue,27,289-555-4928,25876,853555,Gear,Stationery,2018,Campsite Scrapbook,NA,14.99,http://images.brickset.com/sets/images/853555-1.jpg,2
Katherine,Hogue,27,289-555-4928,25660,75822,The Angry Birds Movie,,2018,Piggy Plane Attack,168,19.99,http://images.brickset.com/sets/images/75822-1.jpg,1
Adoria,Hammond,40,712-555-6781,24720,10830,Duplo,,2018,Minnie's Café,27,19.99,http://images.brickset.com/sets/images/10830-1.jpg,1
Amanda,Musick,24,878-555-7113,25916,76054,DC Comics Super Heroes,Batman,2018,Batman: Scarecrow Harvest of Fear,563,59.99,http://images.brickset.com/sets/images/76054-1.jpg,2
Cecilia,Mauro,50,NA,25921,75157,Star Wars,Rebels,2018,Captain Rex's AT-TE,972,119.99,http://images.brickset.com/sets/images/75157-1.jpg,3
Shina,Hegarty,22,868-555-1868,24737,41135,Friends,Pop Star,2018,Livi's Pop Star House,597,49.99,http://images.brickset.com/sets/images/41135-1.jpg,3
Shina,Hegarty,22,868-555-1868,24706,41142,Disney Princess,Palace Pets,2018,Palace Pets Royal Castle,186,19.99,http://images.brickset.com/sets/images/41142-1.jpg,3
Shina,Hegarty,22,868-555-1868,24664,21028,Architecture,Skylines,2018,New York City,598,59.99,http://images.brickset.com/sets/images/21028-1.jpg,1
Anthony,Kiyotake,22,980-555-0099,25007,41568,Mixels,Series 8,2018,Lewt,62,4.99,http://images.brickset.com/sets/images/41568-1.jpg,1
Anthony,Kiyotake,22,980-555-0099,25883,853568,Gear,Key Chains/City,2018,Prison Guard Key Chain,NA,5.99,http://images.brickset.com/sets/images/853568-1.jpg,1
Connor,Fourzan,32,805-555-3065,25886,853519,Gear,Playmats,2018,NK Playmat,NA,14.99,http://images.brickset.com/sets/images/853519-1.jpg,1
Connor,Fourzan,32,805-555-3065,24789,75130,Star Wars,MicroFighters,2018,AT-DP,76,9.99,http://images.brickset.com/sets/images/75130-1.jpg,1
Kayla,Rush,25,281-555-9341,24896,31046,Creator,,2018,Fast Car,222,19.99,http://images.brickset.com/sets/images/31046-1.jpg,1
Kayla,Rush,25,281-555-9341,24750,76065,Marvel Super Heroes,Mighty Micros,2018,Captain America vs. Red Skull,95,9.99,http://images.brickset.com/sets/images/76065-1.jpg,1
Kayla,Rush,25,281-555-9341,25662,75824,The Angry Birds Movie,,2018,Pig City Teardown,386,39.99,http://images.brickset.com/sets/images/75824-1.jpg,1
Lucas,Montoya,34,616-555-2269,24901,41555,Mixels,Series 7,2018,Busto,69,4.99,http://images.brickset.com/sets/images/41555-1.jpg,2
Lucas,Montoya,34,616-555-2269,24899,41114,Friends,Party,2018,Party Styling,54,4.99,http://images.brickset.com/sets/images/41114-1.jpg,2
Lucas,Montoya,34,616-555-2269,24762,70330,Nexo Knights,Ultimate,2018,Ultimate Clay,72,9.99,http://images.brickset.com/sets/images/70330-1.jpg,2
Peggy,Hiner,21,563-555-1011,24734,41119,Friends,,2018,Heartlake Cupcake Cafe,439,39.99,http://images.brickset.com/sets/images/41119-1.jpg,1
Maya,Wolfe,33,NA,25881,853549,Gear,Key Chains/Friends,2018,Mia Key Chain,NA,5.99,http://images.brickset.com/sets/images/853549-1.jpg,1
Keno,Graves,51,209-555-6030,25898,75145,Star Wars,Original Content,2018,Eclipse Fighter,363,29.99,http://images.brickset.com/sets/images/75145-1.jpg,1
Lucas,Jimenez-Dominguez,18,712-555-0459,24691,31043,Creator,,2018,Chopper Transporter,124,9.99,http://images.brickset.com/sets/images/31043-1.jpg,2
Lucas,Jimenez-Dominguez,18,712-555-0459,26034,41573,Mixels,Series 9,2018,Sweepz,61,4.99,,1
Lucas,Jimenez-Dominguez,18,712-555-0459,24704,41140,Disney Princess,Palace Pets,2018,Daisy's Beauty Salon,98,9.99,http://images.brickset.com/sets/images/41140-1.jpg,1
Lucas,Jimenez-Dominguez,18,712-555-0459,24903,41558,Mixels,Series 7,2018,Mixadel,63,4.99,http://images.brickset.com/sets/images/41558-1.jpg,2
Lucas,Jimenez-Dominguez,18,712-555-0459,26033,41572,Mixels,Series 9,2018,Gobbol,62,4.99,,1
Jake,Montes Alvarez,30,603-555-6881,25005,41566,Mixels,Series 8,2018,Sharx,55,4.99,http://images.brickset.com/sets/images/41566-1.jpg,1
Jake,Montes Alvarez,30,603-555-6881,24751,76066,Marvel Super Heroes,Mighty Micros,2018,Hulk vs. Ultron,80,9.99,http://images.brickset.com/sets/images/76066-1.jpg,1
Jake,Montes Alvarez,30,603-555-6881,24704,41140,Disney Princess,Palace Pets,2018,Daisy's Beauty Salon,98,9.99,http://images.brickset.com/sets/images/41140-1.jpg,2
Jake,Montes Alvarez,30,603-555-6881,25901,5004612,Gear,Watches/Clocks,2018,Lucy Wyldstyle Minifigure Link Watch,NA,24.99,http://images.brickset.com/sets/images/5004612-1.jpg,3
Trevon,Thanh,25,NA,25612,21128,Minecraft,Minifig-scale,2018,The Village,NA,199.99,,1
John'Dunae,Higgins,19,813-555-5561,24744,76046,DC Comics Super Heroes,Batman v Superman: Dawn of Justice,2018,Heroes of Justice: Sky High Battle,517,59.99,http://images.brickset.com/sets/images/76046-1.jpg,1
Tysen,Banda-Chavez,43,NA,26059,5005060,Gear,Video Games/3DS,2018,Marvel Avengers Nintendo 3DS Video Game,NA,29.99,http://images.brickset.com/sets/images/5005060-1.jpg,2
Tysen,Banda-Chavez,43,NA,25003,41564,Mixels,Series 8,2018,Aquad,70,4.99,http://images.brickset.com/sets/images/41564-1.jpg,1
Tysen,Banda-Chavez,43,NA,24677,60108,City,Fire,2018,Fire Response Unit,257,39.99,http://images.brickset.com/sets/images/60108-1.jpg,2
Janay,Gienapp,63,774-555-2102,25612,21128,Minecraft,Minifig-scale,2018,The Village,NA,199.99,,1
Janay,Gienapp,63,774-555-2102,24704,41140,Disney Princess,Palace Pets,2018,Daisy's Beauty Salon,98,9.99,http://images.brickset.com/sets/images/41140-1.jpg,1
Janay,Gienapp,63,774-555-2102,25893,30349,City,,2018,Sports Car,47,3.99,http://images.brickset.com/sets/images/30349-1.jpg,1
Eric,Benally,20,418-555-3696,24761,70316,Nexo Knights,,2018,Jestro's Evil Mobile,658,59.99,http://images.brickset.com/sets/images/70316-1.jpg,1
Eric,Benally,20,418-555-3696,25634,70319,Nexo Knights,,2018,Macy's Thunder Mace,202,19.99,http://images.brickset.com/sets/images/70319-1.jpg,1
Eric,Benally,20,418-555-3696,24900,41122,Friends,Adventure Camp,2018,Adventure Camp Tree House,726,79.99,http://images.brickset.com/sets/images/41122-1.jpg,1
Carson,Aragon,38,NA,25634,70319,Nexo Knights,,2018,Macy's Thunder Mace,202,19.99,http://images.brickset.com/sets/images/70319-1.jpg,1
Carson,Aragon,38,NA,25910,30347,City,Fire,2018,Fire Car,53,3.99,http://images.brickset.com/sets/images/30347-1.jpg,1
Samantha,Haberland,21,705-555-1457,25668,75828,Ghostbusters,Reboot,2018,Ghostbusters Ecto-1 & Ecto-2,NA,59.99,http://images.brickset.com/sets/images/75828-1.jpg,1
Samantha,Haberland,21,705-555-1457,25644,71313,Bionicle,Reboot Villains,2018,Lava Beast,114,14.99,,1
Samantha,Haberland,21,705-555-1457,24764,70333,Nexo Knights,Ultimate,2018,Ultimate Robin,75,9.99,http://images.brickset.com/sets/images/70333-1.jpg,1
Cameron,Rodriguez,48,325-555-1926,25879,853534,Gear,Key Chains/Ninjago,2018,Airjitzu Jay Key Chain,NA,5.99,http://images.brickset.com/sets/images/853534-1.jpg,1
Cameron,Rodriguez,48,325-555-1926,25910,30347,City,Fire,2018,Fire Car,53,3.99,http://images.brickset.com/sets/images/30347-1.jpg,1
Connor,Padilla,36,441-555-6534,24674,71310,Bionicle,Reboot Villains,2018,Umarak the Hunter,172,19.99,http://images.brickset.com/sets/images/71310-1.jpg,2
Connor,Padilla,36,441-555-6534,24902,41556,Mixels,Series 7,2018,Tiketz,62,4.99,http://images.brickset.com/sets/images/41556-1.jpg,1
Connor,Padilla,36,441-555-6534,24797,75138,Star Wars,Episode V,2018,Hoth Attack,233,24.99,http://images.brickset.com/sets/images/75138-1.jpg,1
Tyrii,Bloom,23,784-555-7128,24759,70313,Nexo Knights,,2018,Moltor's Lava Smasher,187,19.99,http://images.brickset.com/sets/images/70313-1.jpg,1
Tyrii,Bloom,23,784-555-7128,24735,41120,Friends,Adventure Camp,2018,Adventure Camp Archery,114,9.99,http://images.brickset.com/sets/images/41120-1.jpg,1
Tyrii,Bloom,23,784-555-7128,24692,31044,Creator,,2018,Park Animals,202,14.99,http://images.brickset.com/sets/images/31044-1.jpg,1
Tyrii,Bloom,23,784-555-7128,24737,41135,Friends,Pop Star,2018,Livi's Pop Star House,597,49.99,http://images.brickset.com/sets/images/41135-1.jpg,3
Austin,Martinez,29,NA,24769,70600,Ninjago,Skybound,2018,Ninja Bike Chase,231,19.99,http://images.brickset.com/sets/images/70600-1.jpg,2
Caroline,Holstein,38,318-555-7894,24798,75140,Star Wars,The Force Awakens,2018,Resistance Troop Transporter,646,69.99,http://images.brickset.com/sets/images/75140-1.jpg,1
Caroline,Holstein,38,318-555-7894,24763,70331,Nexo Knights,Ultimate,2018,Ultimate Macy,101,9.99,http://images.brickset.com/sets/images/70331-1.jpg,1
Caroline,Holstein,38,318-555-7894,24678,60109,City,Fire,2018,Fire Boat,412,79.99,http://images.brickset.com/sets/images/60109-1.jpg,1
Caroline,Holstein,38,318-555-7894,24959,75139,Star Wars,The Force Awakens,2018,Battle on Takodana,409,59.99,http://images.brickset.com/sets/images/75139-1.jpg,1
Caroline,Holstein,38,318-555-7894,24699,76053,DC Comics Super Heroes,Batman,2018,Gotham City Cycle Chase,224,19.99,http://images.brickset.com/sets/images/76053-1.jpg,3
Joshua,Long,55,469-555-6245,26056,5005057,Gear,Video Games/XBOX 360,2018,Marvel Avengers XBOX 360 Video Game,NA,49.99,http://images.brickset.com/sets/images/5005057-1.jpg,1
Joshua,Long,55,469-555-6245,26057,5005058,Gear,Video Games/Wii U,2018,Marvel Avengers Wii U Video Game,NA,49.99,http://images.brickset.com/sets/images/5005058-1.jpg,1
Binh,Skalla,23,NA,24685,60118,City,Traffic,2018,Garbage Truck,248,19.99,http://images.brickset.com/sets/images/60118-1.jpg,1
Binh,Skalla,23,NA,24781,75116,Star Wars,Buildable Figures,2018,Finn,98,24.99,http://images.brickset.com/sets/images/75116-1.jpg,1
Binh,Skalla,23,NA,24736,41121,Friends,Adventure Camp,2018,Adventure Camp Rafting,320,29.99,http://images.brickset.com/sets/images/41121-1.jpg,1
Nicholas,Scott,57,418-555-1075,24758,70312,Nexo Knights,,2018,Lance's Mecha Horse,237,19.99,http://images.brickset.com/sets/images/70312-1.jpg,1
Nicholas,Scott,57,418-555-1075,25881,853549,Gear,Key Chains/Friends,2018,Mia Key Chain,NA,5.99,http://images.brickset.com/sets/images/853549-1.jpg,1
Nicholas,Scott,57,418-555-1075,25885,853572,Gear,Key Chains/Miscellaneous,2018,Bumble Bee Key Chain,NA,5.99,http://images.brickset.com/sets/images/853572-1.jpg,2
Jacob,Barron,27,319-555-6104,24680,60113,City,Traffic,2018,Rally Car,104,9.99,http://images.brickset.com/sets/images/60113-1.jpg,1
Jacob,Barron,27,319-555-6104,24792,75134,Star Wars,Battlefront,2018,Galactic Empire Battle Pack,109,12.99,http://images.brickset.com/sets/images/75134-1.jpg,2
Madeline,Castor,39,450-555-9877,25006,41567,Mixels,Series 8,2018,Skulzy,66,4.99,http://images.brickset.com/sets/images/41567-1.jpg,1
Madeline,Castor,39,450-555-9877,25969,76059,Marvel Super Heroes,Ultimate Spider-Man,2018,Spider-Man: Doc Ock's Tentacle Trap,446,39.99,http://images.brickset.com/sets/images/76059-1.jpg,1
Madeline,Castor,39,450-555-9877,26025,41178,Elves,,2018,The Dragon Sanctuary,585,49.99,,1
Trevor,Perez,39,878-555-5155,24730,41115,Friends,,2018,Emma's Creative Workshop,108,9.99,http://images.brickset.com/sets/images/41115-1.jpg,1
Trevor,Perez,39,878-555-5155,24746,76048,Marvel Super Heroes,Avengers Assemble,2018,Iron Skull Sub Attack,335,29.99,http://images.brickset.com/sets/images/76048-1.jpg,1
Trevor,Perez,39,878-555-5155,24703,41069,Disney Princess,Palace Pets,2018,Treasure's Day at the Pool,70,5.99,http://images.brickset.com/sets/images/41069-1.jpg,1
David,Cabral,19,415-555-8642,24957,71309,Bionicle,Toa,2018,Onua - Uniter of Earth,143,19.99,http://images.brickset.com/sets/images/71309-1.jpg,2
Adam,Albornoz,36,418-555-2486,24907,42050,Technic,,2018,Drag Racer,647,79.99,http://images.brickset.com/sets/images/42050-1.jpg,1
Manuel,Wilkerson,23,441-555-3652,24725,41174,Elves,,2018,The Starlight Inn,343,29.99,http://images.brickset.com/sets/images/41174-1.jpg,1
Manuel,Wilkerson,23,441-555-3652,24751,76066,Marvel Super Heroes,Mighty Micros,2018,Hulk vs. Ultron,80,9.99,http://images.brickset.com/sets/images/76066-1.jpg,1
Manuel,Wilkerson,23,441-555-3652,24768,70599,Ninjago,Skybound,2018,Cole's Dragon,98,9.99,http://images.brickset.com/sets/images/70599-1.jpg,2
Dakota,Klopp,33,970-555-9320,25660,75822,The Angry Birds Movie,,2018,Piggy Plane Attack,168,19.99,http://images.brickset.com/sets/images/75822-1.jpg,1
Dakota,Klopp,33,970-555-9320,24807,71235,Dimensions,Level Pack,2018,Level Pack: Midway Arcade,96,29.99,http://images.brickset.com/sets/images/71235-1.jpg,2
Dakota,Klopp,33,970-555-9320,25006,41567,Mixels,Series 8,2018,Skulzy,66,4.99,http://images.brickset.com/sets/images/41567-1.jpg,2
Aleksandr,Gurrola,61,508-555-9403,25910,30347,City,Fire,2018,Fire Car,53,3.99,http://images.brickset.com/sets/images/30347-1.jpg,1
Michael,Hernandez Muniz,62,NA,24745,76047,Marvel Super Heroes,Captain America: Civil War,2018,Black Panther Pursuit,287,29.99,http://images.brickset.com/sets/images/76047-1.jpg,2
Xavier,Suazo,27,321-555-0605,24779,75114,Star Wars,Buildable Figures,2018,First Order Stormtrooper,81,19.99,http://images.brickset.com/sets/images/75114-1.jpg,1
Xavier,Suazo,27,321-555-0605,24771,70603,Ninjago,Skybound,2018,Raid Zeppelin,294,29.99,http://images.brickset.com/sets/images/70603-1.jpg,1
Jaime,Rideout,26,913-555-5139,25641,70326,Nexo Knights,,2018,The Black Knight Mech,530,39.99,,2
Jaime,Rideout,26,913-555-5139,24717,10818,Duplo,,2018,My First Truck,29,19.99,http://images.brickset.com/sets/images/10818-1.jpg,2
Jaime,Rideout,26,913-555-5139,24899,41114,Friends,Party,2018,Party Styling,54,4.99,http://images.brickset.com/sets/images/41114-1.jpg,2
Tj,Aguon,47,862-555-5629,24737,41135,Friends,Pop Star,2018,Livi's Pop Star House,597,49.99,http://images.brickset.com/sets/images/41135-1.jpg,1
Tj,Aguon,47,862-555-5629,24894,31040,Creator,,2018,Desert Racers,65,4.99,http://images.brickset.com/sets/images/31040-1.jpg,1
Tj,Aguon,47,862-555-5629,24720,10830,Duplo,,2018,Minnie's Café,27,19.99,http://images.brickset.com/sets/images/10830-1.jpg,1
Taylor,Allen,41,760-555-8123,25923,75147,Star Wars,Original Content,2018,Star Scavenger,558,49.99,http://images.brickset.com/sets/images/75147-1.jpg,2
Kaitlyn,Degeer,24,316-555-7890,25887,853543,Ninjago,,2018,Ninjago Party Set,70,7.99,http://images.brickset.com/sets/images/853543-1.jpg,1
Kaitlyn,Degeer,24,316-555-7890,24765,70332,Nexo Knights,Ultimate,2018,Ultimate Aaron,82,9.99,http://images.brickset.com/sets/images/70332-1.jpg,2
Kaitlyn,Degeer,24,316-555-7890,26035,41574,Mixels,Series 9,2018,Compax,66,4.99,,1
Kaitlyn,Degeer,24,316-555-7890,24994,10251,Advanced Models,Modular Buildings,2018,Brick Bank,2380,169.99,http://images.brickset.com/sets/images/10251-1.jpg,2
Matthew,Sandoval,22,671-555-7044,25660,75822,The Angry Birds Movie,,2018,Piggy Plane Attack,168,19.99,http://images.brickset.com/sets/images/75822-1.jpg,1
Matthew,Sandoval,22,671-555-7044,25884,853571,Gear,Key Chains/Miscellaneous,2018,Hot Dog Guy Key Chain,NA,5.99,http://images.brickset.com/sets/images/853571-1.jpg,1
Jordan,West,56,810-555-1608,24898,41113,Friends,Party,2018,Party Gift Shop,52,4.99,http://images.brickset.com/sets/images/41113-1.jpg,1
Jordan,West,56,810-555-1608,24711,10807,Duplo,,2018,Horse Trailer,15,19.99,http://images.brickset.com/sets/images/10807-1.jpg,1
Reyes,Wilson,33,605-555-2774,24903,41558,Mixels,Series 7,2018,Mixadel,63,4.99,http://images.brickset.com/sets/images/41558-1.jpg,1
Reyes,Wilson,33,605-555-2774,24693,31045,Creator,,2018,Ocean Explorer,213,14.99,http://images.brickset.com/sets/images/31045-1.jpg,1
Reyes,Wilson,33,605-555-2774,24793,75133,Star Wars,Battlefront,2018,Rebel Alliance Battle Pack,101,12.99,http://images.brickset.com/sets/images/75133-1.jpg,2
Avery,Leung,33,330-555-2699,24781,75116,Star Wars,Buildable Figures,2018,Finn,98,24.99,http://images.brickset.com/sets/images/75116-1.jpg,1
Avery,Leung,33,330-555-2699,25876,853555,Gear,Stationery,2018,Campsite Scrapbook,NA,14.99,http://images.brickset.com/sets/images/853555-1.jpg,1
Michael,Williams,31,936-555-2974,24988,40202,Seasonal,Easter,2018,Easter Chick,111,9.99,,1
Michael,Williams,31,936-555-2974,24672,71307,Bionicle,Toa,2018,Gali - Uniter of Water,87,14.99,http://images.brickset.com/sets/images/71307-1.jpg,1
Michael,Williams,31,936-555-2974,24895,31041,Creator,,2018,Construction Vehicles,64,4.99,http://images.brickset.com/sets/images/31041-1.jpg,1
Colleen,Galley,31,710-555-8843,24705,41141,Disney Princess,Palace Pets,2018,Pumpkin's Royal Carriage,79,9.99,http://images.brickset.com/sets/images/41141-1.jpg,2
Colleen,Galley,31,710-555-8843,24976,60105,City,Fire,2018,Fire ATV,64,6.99,http://images.brickset.com/sets/images/60105-1.jpg,1
Colleen,Galley,31,710-555-8843,24956,71300,Bionicle,companions,2018,Uxar - Creature of Jungle,89,9.99,http://images.brickset.com/sets/images/71300-1.jpg,1
Brandilyn,Robertson,27,724-555-5496,24703,41069,Disney Princess,Palace Pets,2018,Treasure's Day at the Pool,70,5.99,http://images.brickset.com/sets/images/41069-1.jpg,1
Brandilyn,Robertson,27,724-555-5496,25886,853519,Gear,Playmats,2018,NK Playmat,NA,14.99,http://images.brickset.com/sets/images/853519-1.jpg,3
Brandilyn,Robertson,27,724-555-5496,24704,41140,Disney Princess,Palace Pets,2018,Daisy's Beauty Salon,98,9.99,http://images.brickset.com/sets/images/41140-1.jpg,1
Brandilyn,Robertson,27,724-555-5496,25635,70320,Nexo Knights,,2018,Aaron Fox's Aero-Striker V2,301,29.99,http://images.brickset.com/sets/images/70320-1.jpg,1
Brandilyn,Robertson,27,724-555-5496,24745,76047,Marvel Super Heroes,Captain America: Civil War,2018,Black Panther Pursuit,287,29.99,http://images.brickset.com/sets/images/76047-1.jpg,2
Son,Saldanha,30,507-555-2278,25878,853505,Gear,Role-Play toys,2018,NK Sword Standard,NA,9.99,http://images.brickset.com/sets/images/853505-1.jpg,2
Son,Saldanha,30,507-555-2278,24793,75133,Star Wars,Battlefront,2018,Rebel Alliance Battle Pack,101,12.99,http://images.brickset.com/sets/images/75133-1.jpg,2
Katherine,Beck,45,209-555-7105,24994,10251,Advanced Models,Modular Buildings,2018,Brick Bank,2380,169.99,http://images.brickset.com/sets/images/10251-1.jpg,1
Katherine,Beck,45,209-555-7105,24959,75139,Star Wars,The Force Awakens,2018,Battle on Takodana,409,59.99,http://images.brickset.com/sets/images/75139-1.jpg,1
Katherine,Beck,45,209-555-7105,24758,70312,Nexo Knights,,2018,Lance's Mecha Horse,237,19.99,http://images.brickset.com/sets/images/70312-1.jpg,2
Katherine,Beck,45,209-555-7105,26025,41178,Elves,,2018,The Dragon Sanctuary,585,49.99,,1
Beemnet,Masters,41,902-555-8429,24678,60109,City,Fire,2018,Fire Boat,412,79.99,http://images.brickset.com/sets/images/60109-1.jpg,1
Beemnet,Masters,41,902-555-8429,24794,75135,Star Wars,Episode III,2018,Obi-Wan's Jedi Interceptor,215,24.99,http://images.brickset.com/sets/images/75135-1.jpg,1
Shylynn,Seitz,28,205-555-7084,24756,70310,Nexo Knights,,2018,Knighton Battle Blaster,76,9.99,http://images.brickset.com/sets/images/70310-1.jpg,2
Shylynn,Seitz,28,205-555-7084,24679,60111,City,Fire,2018,Fire Utility Truck,368,39.99,http://images.brickset.com/sets/images/60111-1.jpg,1
Sonny,Smith,24,246-555-7913,24699,76053,DC Comics Super Heroes,Batman,2018,Gotham City Cycle Chase,224,19.99,http://images.brickset.com/sets/images/76053-1.jpg,1
Joshua,Reyes,53,251-555-5985,25605,75146,Star Wars,Seasonal,2018,Star Wars Advent Calendar,282,39.99,http://images.brickset.com/sets/images/75146-1.jpg,2
Joshua,Reyes,53,251-555-5985,24780,75115,Star Wars,Buildable Figures,2018,Poe Dameron,102,24.99,http://images.brickset.com/sets/images/75115-1.jpg,3
Joshua,Reyes,53,251-555-5985,24618,71238,Dimensions,Fun Pack,2018,Fun Pack: Cyberman,40,14.99,http://images.brickset.com/sets/images/71238-1.jpg,1
Asia,Salyer,24,508-555-0418,24751,76066,Marvel Super Heroes,Mighty Micros,2018,Hulk vs. Ultron,80,9.99,http://images.brickset.com/sets/images/76066-1.jpg,3
Neil,Gabel,30,508-555-5700,26056,5005057,Gear,Video Games/XBOX 360,2018,Marvel Avengers XBOX 360 Video Game,NA,49.99,http://images.brickset.com/sets/images/5005057-1.jpg,2
Neil,Gabel,30,508-555-5700,26058,5005059,Gear,Video Games/PS3,2018,Marvel Avengers PS3 Video Game,NA,49.99,http://images.brickset.com/sets/images/5005059-1.jpg,1
Neil,Gabel,30,508-555-5700,24672,71307,Bionicle,Toa,2018,Gali - Uniter of Water,87,14.99,http://images.brickset.com/sets/images/71307-1.jpg,1
Chayanne,Williams,17,869-555-6681,24678,60109,City,Fire,2018,Fire Boat,412,79.99,http://images.brickset.com/sets/images/60109-1.jpg,2
Chayanne,Williams,17,869-555-6681,24697,76044,DC Comics Super Heroes,Batman v Superman: Dawn of Justice,2018,Clash of the Heroes,92,12.99,http://images.brickset.com/sets/images/76044-1.jpg,1
Demetri,Do,21,541-555-1433,24665,21031,Architecture,,2018,Burj Khalifa,333,39.99,http://images.brickset.com/sets/images/21031-1.jpg,1
Demetri,Do,21,541-555-1433,25620,70588,Ninjago,Rise of the Villains,2018,Titanium Ninja Tumbler ,342,29.99,,4
Demetri,Do,21,541-555-1433,24917,70314,Nexo Knights,,2018,Beast Master's Chaos Chariot,314,29.99,http://images.brickset.com/sets/images/70314-1.jpg,2
Demetri,Do,21,541-555-1433,24794,75135,Star Wars,Episode III,2018,Obi-Wan's Jedi Interceptor,215,24.99,http://images.brickset.com/sets/images/75135-1.jpg,1
Brittany,Mclellan,25,210-555-0265,24662,21026,Architecture,Skylines,2018,Venice,212,29.99,http://images.brickset.com/sets/images/21026-1.jpg,2
Brittany,Mclellan,25,210-555-0265,24717,10818,Duplo,,2018,My First Truck,29,19.99,http://images.brickset.com/sets/images/10818-1.jpg,1
Joseph,Ross,33,254-555-7628,24794,75135,Star Wars,Episode III,2018,Obi-Wan's Jedi Interceptor,215,24.99,http://images.brickset.com/sets/images/75135-1.jpg,4
Joseph,Ross,33,254-555-7628,24684,60117,City,Traffic,2018,Van & Caravan,250,19.99,http://images.brickset.com/sets/images/60117-1.jpg,2
Paige,Wagner,35,860-555-1618,26038,41577,Mixels,Series 9,2018,Mysto,64,4.99,,1
Paige,Wagner,35,860-555-1618,24727,41176,Elves,,2018,The Secret Market Place,691,59.99,http://images.brickset.com/sets/images/41176-1.jpg,3
Paige,Wagner,35,860-555-1618,24957,71309,Bionicle,Toa,2018,Onua - Uniter of Earth,143,19.99,http://images.brickset.com/sets/images/71309-1.jpg,1
Paige,Wagner,35,860-555-1618,24798,75140,Star Wars,The Force Awakens,2018,Resistance Troop Transporter,646,69.99,http://images.brickset.com/sets/images/75140-1.jpg,1
Daianaira,Joseph,26,714-555-9762,25594,71011,Collectable Minifigures,Series 15,2018,LEGO Minifigures - Series 15 - Sealed Box,NA,3.99,http://images.brickset.com/sets/images/71011-18.jpg,1
Daianaira,Joseph,26,714-555-9762,26058,5005059,Gear,Video Games/PS3,2018,Marvel Avengers PS3 Video Game,NA,49.99,http://images.brickset.com/sets/images/5005059-1.jpg,1
Sean,Cordova,43,881-555-7280,25004,41565,Mixels,Series 8,2018,Hydro,70,4.99,http://images.brickset.com/sets/images/41565-1.jpg,5
Sean,Cordova,43,881-555-7280,25656,10804,Duplo,,2018,Jungle,86,49.99,http://images.brickset.com/sets/images/10804-1.jpg,1
Amber,Terwilliger,35,626-555-5321,24733,41118,Friends,,2018,Heartlake Supermarket,313,29.99,http://images.brickset.com/sets/images/41118-1.jpg,2
Amber,Terwilliger,35,626-555-5321,25611,21127,Minecraft,Minifig-scale,2018,The Fortress,NA,109.99,http://images.brickset.com/sets/images/21127-1.jpg,1
Katie,Evering,37,882-555-7296,24659,71228,Dimensions,Level Pack,2018,Level Pack: Ghostbusters,115,29.99,http://images.brickset.com/sets/images/71228-1.jpg,1
Katie,Evering,37,882-555-7296,26040,41579,Mixels,Series 9,2018,Camsta,62,4.99,,2
Katie,Evering,37,882-555-7296,25659,75821,The Angry Birds Movie,,2018,Piggy Car Escape,74,12.99,http://images.brickset.com/sets/images/75821-1.jpg,2
Katie,Evering,37,882-555-7296,24765,70332,Nexo Knights,Ultimate,2018,Ultimate Aaron,82,9.99,http://images.brickset.com/sets/images/70332-1.jpg,2
Nerea,Feldman,28,423-555-9631,24805,42049,Technic,,2018,Mine Loader,476,49.99,http://images.brickset.com/sets/images/42049-1.jpg,2
Nerea,Feldman,28,423-555-9631,25921,75157,Star Wars,Rebels,2018,Captain Rex's AT-TE,972,119.99,http://images.brickset.com/sets/images/75157-1.jpg,2
Julianna,Stephens,34,403-555-9991,24692,31044,Creator,,2018,Park Animals,202,14.99,http://images.brickset.com/sets/images/31044-1.jpg,1
Julianna,Stephens,34,403-555-9991,24797,75138,Star Wars,Episode V,2018,Hoth Attack,233,24.99,http://images.brickset.com/sets/images/75138-1.jpg,1
Katrina,Clyman,32,604-555-3882,24689,60129,City,Police,2018,Police Patrol Boat,200,49.99,http://images.brickset.com/sets/images/60129-1.jpg,1
Katrina,Clyman,32,604-555-3882,24663,21027,Architecture,Skylines,2018,Berlin,289,29.99,http://images.brickset.com/sets/images/21027-1.jpg,1
Ramon,Walker-Reese,23,NA,24796,75137,Star Wars,Episode V,2018,Carbon-Freezing Chamber,231,24.99,http://images.brickset.com/sets/images/75137-1.jpg,1
Ramon,Walker-Reese,23,NA,25633,70318,Nexo Knights,,2018,The Glob Lobber,95,9.99,http://images.brickset.com/sets/images/70318-1.jpg,1
Brandon,Lopez,21,606-555-3903,24713,10809,Duplo,,2018,Police Patrol,15,14.99,http://images.brickset.com/sets/images/10809-1.jpg,1
Brandon,Lopez,21,606-555-3903,24660,71241,Dimensions,Fun Pack,2018,Fun Pack: Slimer,33,14.99,http://images.brickset.com/sets/images/71241-1.jpg,1
Sagi,Heredia,19,989-555-3671,24898,41113,Friends,Party,2018,Party Gift Shop,52,4.99,http://images.brickset.com/sets/images/41113-1.jpg,3
Sagi,Heredia,19,989-555-3671,25640,70325,Nexo Knights,,2018,Infernox captures the Queen,253,24.99,http://images.brickset.com/sets/images/70325-1.jpg,1
Michael,Cruz,17,361-555-8212,24723,41172,Elves,,2018,The Water Dragon Adventure,212,19.99,http://images.brickset.com/sets/images/41172-1.jpg,1
Michael,Cruz,17,361-555-8212,24618,71238,Dimensions,Fun Pack,2018,Fun Pack: Cyberman,40,14.99,http://images.brickset.com/sets/images/71238-1.jpg,1
Michael,Cruz,17,361-555-8212,24920,70605,Ninjago,Skybound,2018,Misfortune's Keep,754,79.99,http://images.brickset.com/sets/images/70605-1.jpg,1
Melissa,Holmberg,36,NA,24791,75132,Star Wars,The Force Awakens,2018,First Order Battle Pack,88,12.99,http://images.brickset.com/sets/images/75132-1.jpg,1
Cody,Gonzales,44,973-555-3236,24908,42052,Technic,,2018,Heavy Lift Helicopter,1042,139.99,http://images.brickset.com/sets/images/42052-1.jpg,1
Cody,Gonzales,44,973-555-3236,25922,75149,Star Wars,The Force Awakens,2018,Resistance X-wing Fighter,740,79.99,http://images.brickset.com/sets/images/75149-1.jpg,3
Jessie,Barron,37,918-555-7552,24696,31050,Creator,,2018,Corner Deli,467,39.99,http://images.brickset.com/sets/images/31050-1.jpg,1
Jessie,Barron,37,918-555-7552,24730,41115,Friends,,2018,Emma's Creative Workshop,108,9.99,http://images.brickset.com/sets/images/41115-1.jpg,1
Jackson,Roybal,26,NA,26036,41575,Mixels,Series 9,2018,Cobrax,64,4.99,,1
Jackson,Roybal,26,NA,24700,76061,DC Comics Super Heroes,Mighty Micros,2018,Batman vs. Catwoman,79,9.99,http://images.brickset.com/sets/images/76061-1.jpg,1
Jackson,Roybal,26,NA,24695,31048,Creator,,2018,Lakeside Lodge,368,29.99,http://images.brickset.com/sets/images/31048-1.jpg,1
Kelsey,Schiffner,37,510-555-5847,24919,70601,Ninjago,Skybound,2018,Sky Shark,221,19.99,http://images.brickset.com/sets/images/70601-1.jpg,2
Kelsey,Schiffner,37,510-555-5847,24756,70310,Nexo Knights,,2018,Knighton Battle Blaster,76,9.99,http://images.brickset.com/sets/images/70310-1.jpg,1
Kalynne,Kerth,46,361-555-5328,24976,60105,City,Fire,2018,Fire ATV,64,6.99,http://images.brickset.com/sets/images/60105-1.jpg,1
Kalynne,Kerth,46,361-555-5328,25641,70326,Nexo Knights,,2018,The Black Knight Mech,530,39.99,,1
John Jay,Griego,50,710-555-8921,24552,71229,Dimensions,Team Pack,2018,Team Pack: Joker and Harley Quinn,92,24.99,http://images.brickset.com/sets/images/71229-1.jpg,2
John Jay,Griego,50,710-555-8921,24795,75136,Star Wars,Episode IV,2018,Droid Escape Pod,197,24.99,http://images.brickset.com/sets/images/75136-1.jpg,1
Kareena,Hagar,23,678-555-3786,25663,75825,The Angry Birds Movie,,2018,Piggy Pirate Ship,620,59.99,http://images.brickset.com/sets/images/75825-1.jpg,1
Celia,Foley,42,NA,24670,71305,Bionicle,Toa,2018,Lewa - Uniter of Jungle,79,14.99,http://images.brickset.com/sets/images/71305-1.jpg,1
Celia,Foley,42,NA,24734,41119,Friends,,2018,Heartlake Cupcake Cafe,439,39.99,http://images.brickset.com/sets/images/41119-1.jpg,1
Celia,Foley,42,NA,25645,71314,Bionicle,Reboot Villains,2018,Storm Beast,109,14.99,,3
Celia,Foley,42,NA,25605,75146,Star Wars,Seasonal,2018,Star Wars Advent Calendar,282,39.99,http://images.brickset.com/sets/images/75146-1.jpg,2
Celia,Foley,42,NA,25612,21128,Minecraft,Minifig-scale,2018,The Village,NA,199.99,,1
Alyssa,Gorrell,38,867-555-7840,24683,60116,City,Medical,2018,Ambulance Plane,183,19.99,http://images.brickset.com/sets/images/60116-1.jpg,2
Alyssa,Gorrell,38,867-555-7840,25880,853548,Gear,Key Chains/Friends,2018,Andrea Key Chain,NA,5.99,http://images.brickset.com/sets/images/853548-1.jpg,1
Alyssa,Gorrell,38,867-555-7840,24659,71228,Dimensions,Level Pack,2018,Level Pack: Ghostbusters,115,29.99,http://images.brickset.com/sets/images/71228-1.jpg,1
Tian,Nelson,38,205-555-7773,25634,70319,Nexo Knights,,2018,Macy's Thunder Mace,202,19.99,http://images.brickset.com/sets/images/70319-1.jpg,4
Tian,Nelson,38,205-555-7773,25647,71316,Bionicle,Reboot Villains,2018,Umarak the Destroyer,191,24.99,,1
Tian,Nelson,38,205-555-7773,26060,5005051,Gear,Digital Media,2018,Friends of Heartlake City Girlz 4 Life,NA,19.99,,1
Elizabeth,Kendrick,35,816-555-5138,25630,70337,Nexo Knights,Ultimate,2018,Ultimate Lance,75,9.99,,1
Elizabeth,Kendrick,35,816-555-5138,24735,41120,Friends,Adventure Camp,2018,Adventure Camp Archery,114,9.99,http://images.brickset.com/sets/images/41120-1.jpg,1
Van,Rapp,51,413-555-0987,25632,70339,Nexo Knights,Ultimate,2018,Ultimate Flama,67,9.99,,2
Sofia,Szloboda,46,602-555-2267,24906,41562,Mixels,Series 7,2018,Trumpsy,54,4.99,http://images.brickset.com/sets/images/41562-1.jpg,2
Sofia,Szloboda,46,602-555-2267,24704,41140,Disney Princess,Palace Pets,2018,Daisy's Beauty Salon,98,9.99,http://images.brickset.com/sets/images/41140-1.jpg,2
Abigayle,Hosman,34,604-555-7100,24710,10806,Duplo,,2018,Horses,20,14.99,http://images.brickset.com/sets/images/10806-1.jpg,1
Abigayle,Hosman,34,604-555-7100,25630,70337,Nexo Knights,Ultimate,2018,Ultimate Lance,75,9.99,,1
Joseph,Brown,50,801-555-2112,24704,41140,Disney Princess,Palace Pets,2018,Daisy's Beauty Salon,98,9.99,http://images.brickset.com/sets/images/41140-1.jpg,1
Joseph,Brown,50,801-555-2112,25851,B0189OU0JY,Gear,Digital media,2018,LEGO Star Wars: Droid Tales,NA,19.99,http://images.brickset.com/sets/images/B0189OU0JY-1.jpg,1
Joseph,Brown,50,801-555-2112,25910,30347,City,Fire,2018,Fire Car,53,3.99,http://images.brickset.com/sets/images/30347-1.jpg,2
Joseph,Brown,50,801-555-2112,25657,76051,Marvel Super Heroes,Captain America: Civil War,2018,Super Hero Airport Battle,807,79.99,http://images.brickset.com/sets/images/76051-1.jpg,2
Austin,Atencio,30,225-555-7391,25659,75821,The Angry Birds Movie,,2018,Piggy Car Escape,74,12.99,http://images.brickset.com/sets/images/75821-1.jpg,1
Austin,Atencio,30,225-555-7391,24804,42048,Technic,,2018,Race Kart,345,29.99,http://images.brickset.com/sets/images/42048-1.jpg,2
Austin,Atencio,30,225-555-7391,26041,41580,Mixels,Series 9,2018,Myke,63,4.99,,1
Austin,Atencio,30,225-555-7391,24704,41140,Disney Princess,Palace Pets,2018,Daisy's Beauty Salon,98,9.99,http://images.brickset.com/sets/images/41140-1.jpg,1
Brenden,Trujillo,31,928-555-1076,25658,21305,Ideas,,2018,Maze,769,69.99,,1
Darian,Smith,24,830-555-6006,26036,41575,Mixels,Series 9,2018,Cobrax,64,4.99,,1
Elizabeth,Roemmich,32,502-555-4381,24994,10251,Advanced Models,Modular Buildings,2018,Brick Bank,2380,169.99,http://images.brickset.com/sets/images/10251-1.jpg,1
Elizabeth,Roemmich,32,502-555-4381,25657,76051,Marvel Super Heroes,Captain America: Civil War,2018,Super Hero Airport Battle,807,79.99,http://images.brickset.com/sets/images/76051-1.jpg,1
Lady,Brown,21,856-555-0798,24723,41172,Elves,,2018,The Water Dragon Adventure,212,19.99,http://images.brickset.com/sets/images/41172-1.jpg,1
Lady,Brown,21,856-555-0798,24666,71301,Bionicle,Companions,2018,Ketar - Creature of Stone,80,9.99,http://images.brickset.com/sets/images/71301-1.jpg,1
Lady,Brown,21,856-555-0798,24733,41118,Friends,,2018,Heartlake Supermarket,313,29.99,http://images.brickset.com/sets/images/41118-1.jpg,1
Lady,Brown,21,856-555-0798,24758,70312,Nexo Knights,,2018,Lance's Mecha Horse,237,19.99,http://images.brickset.com/sets/images/70312-1.jpg,1
Sarah,Wagner,20,NA,24898,41113,Friends,Party,2018,Party Gift Shop,52,4.99,http://images.brickset.com/sets/images/41113-1.jpg,1
Sarah,Wagner,20,NA,24671,71306,Bionicle,Toa,2018,Pohatu - Uniter of Stone,90,14.99,http://images.brickset.com/sets/images/71306-1.jpg,1
Sarah,Wagner,20,NA,26026,41179,Elves,,2018,Queen Dragon's Rescue,833,69.99,,1
Sarah,Wagner,20,NA,24720,10830,Duplo,,2018,Minnie's Café,27,19.99,http://images.brickset.com/sets/images/10830-1.jpg,1
Sarah,Wagner,20,NA,24725,41174,Elves,,2018,The Starlight Inn,343,29.99,http://images.brickset.com/sets/images/41174-1.jpg,1
Spencer,Pasillas,44,865-555-3503,24625,41066,Disney Princess,Frozen,2018,Anna & Kristoff's Sleigh Adventure,174,29.99,http://images.brickset.com/sets/images/41066-1.jpg,1
Spencer,Pasillas,44,865-555-3503,24716,10817,Duplo,,2018,Creative Chest,70,29.99,http://images.brickset.com/sets/images/10817-1.jpg,1
Spencer,Pasillas,44,865-555-3503,24891,10815,Duplo,,2018,My First Rocket,18,9.99,http://images.brickset.com/sets/images/10815-1.jpg,1
Spencer,Pasillas,44,865-555-3503,24756,70310,Nexo Knights,,2018,Knighton Battle Blaster,76,9.99,http://images.brickset.com/sets/images/70310-1.jpg,1
Steven,Washington,16,336-555-1433,25910,30347,City,Fire,2018,Fire Car,53,3.99,http://images.brickset.com/sets/images/30347-1.jpg,1
Steven,Washington,16,336-555-1433,25893,30349,City,,2018,Sports Car,47,3.99,http://images.brickset.com/sets/images/30349-1.jpg,5
Serena,Bartkowiak,16,305-555-2377,24806,71311,Bionicle,Miscellaneous,2018,Kopaka and Melum - Unity set,171,24.99,http://images.brickset.com/sets/images/71311-1.jpg,2
Serena,Bartkowiak,16,305-555-2377,24778,75113,Star Wars,Buildable Figures,2018,Rey,84,19.99,http://images.brickset.com/sets/images/75113-1.jpg,1
Serena,Bartkowiak,16,305-555-2377,24987,40201,Seasonal,Valentine's Day,2018,Valentine's Cupid Dog,150,9.99,http://images.brickset.com/sets/images/40201-1.jpg,1
Alejandre,Baek,26,616-555-9268,24771,70603,Ninjago,Skybound,2018,Raid Zeppelin,294,29.99,http://images.brickset.com/sets/images/70603-1.jpg,2
Billlie,Benson,50,940-555-2729,24719,10829,Duplo,Mickey Mouse Clubhouse,2018,Mickey's Workshop,18,19.99,http://images.brickset.com/sets/images/10829-1.jpg,1
Billlie,Benson,50,940-555-2729,25879,853534,Gear,Key Chains/Ninjago,2018,Airjitzu Jay Key Chain,NA,5.99,http://images.brickset.com/sets/images/853534-1.jpg,1
Marisa,Beck,37,580-555-3417,25622,70591,Ninjago,Skybound,2018,Kryptarium Prison Breakout,207,19.99,http://images.brickset.com/sets/images/70591-1.jpg,1
Marisa,Beck,37,580-555-3417,25917,76058,Marvel Super Heroes,Ultimate Spider-Man,2018,Spider-Man: Ghost Rider Team-Up,217,19.99,http://images.brickset.com/sets/images/76058-1.jpg,1
Marisa,Beck,37,580-555-3417,24896,31046,Creator,,2018,Fast Car,222,19.99,http://images.brickset.com/sets/images/31046-1.jpg,2
Marisa,Beck,37,580-555-3417,24692,31044,Creator,,2018,Park Animals,202,14.99,http://images.brickset.com/sets/images/31044-1.jpg,2
Cartrell,Park,49,816-555-5191,24726,41175,Elves,,2018,Fire Dragon's Lava Cave,441,39.99,http://images.brickset.com/sets/images/41175-1.jpg,1
Cartrell,Park,49,816-555-5191,24807,71235,Dimensions,Level Pack,2018,Level Pack: Midway Arcade,96,29.99,http://images.brickset.com/sets/images/71235-1.jpg,1
Krista,Gaines,24,307-555-5115,24697,76044,DC Comics Super Heroes,Batman v Superman: Dawn of Justice,2018,Clash of the Heroes,92,12.99,http://images.brickset.com/sets/images/76044-1.jpg,1
Krista,Gaines,24,307-555-5115,26024,41177,Elves,,2018,The Precious Crystal Mine,273,29.99,http://images.brickset.com/sets/images/41177-1.jpg,1
Krista,Gaines,24,307-555-5115,24702,76063,DC Comics Super Heroes,Mighty Micros,2018,The Flash vs. Captain Cold,88,9.99,http://images.brickset.com/sets/images/76063-1.jpg,2
Krista,Gaines,24,307-555-5115,24684,60117,City,Traffic,2018,Van & Caravan,250,19.99,http://images.brickset.com/sets/images/60117-1.jpg,2
Krista,Gaines,24,307-555-5115,24714,10814,Duplo,,2018,Tow Truck,28,19.99,http://images.brickset.com/sets/images/10814-1.jpg,1
Pa,Strasser,26,830-555-7071,24770,70602,Ninjago,Skybound,2018,Jay's Elemental Dragon,350,29.99,http://images.brickset.com/sets/images/70602-1.jpg,1
Pa,Strasser,26,830-555-7071,24795,75136,Star Wars,Episode IV,2018,Droid Escape Pod,197,24.99,http://images.brickset.com/sets/images/75136-1.jpg,2
Jessy,Lopez-Itomura,43,613-555-4443,25878,853505,Gear,Role-Play toys,2018,NK Sword Standard,NA,9.99,http://images.brickset.com/sets/images/853505-1.jpg,2
Jessy,Lopez-Itomura,43,613-555-4443,24676,60107,City,Fire,2018,Fire Ladder Truck,214,24.99,http://images.brickset.com/sets/images/60107-1.jpg,1
Jessy,Lopez-Itomura,43,613-555-4443,24748,76050,Marvel Super Heroes,Captain America: Civil War,2018,Crossbones' Hazard Heist,179,19.99,http://images.brickset.com/sets/images/76050-1.jpg,3
George,Guerra,35,NA,24895,31041,Creator,,2018,Construction Vehicles,64,4.99,http://images.brickset.com/sets/images/31041-1.jpg,1
Abraham,Medlock,23,754-555-6047,26034,41573,Mixels,Series 9,2018,Sweepz,61,4.99,,1
Abraham,Medlock,23,754-555-6047,24724,41173,Elves,,2018,Elvendale School of Dragons,230,19.99,http://images.brickset.com/sets/images/41173-1.jpg,2
Abraham,Medlock,23,754-555-6047,24783,75118,Star Wars,Buildable Figures,2018,Captain Phasma,82,24.99,http://images.brickset.com/sets/images/75118-1.jpg,1
Abraham,Medlock,23,754-555-6047,24709,10803,Duplo,,2018,Arctic,40,29.99,http://images.brickset.com/sets/images/10803-1.jpg,3
Abraham,Medlock,23,754-555-6047,25009,41570,Mixels,Series 8,2018,Skrubz,68,4.99,http://images.brickset.com/sets/images/41570-1.jpg,1
Mario,Synn,59,519-555-9924,25879,853534,Gear,Key Chains/Ninjago,2018,Airjitzu Jay Key Chain,NA,5.99,http://images.brickset.com/sets/images/853534-1.jpg,1
Mario,Synn,59,519-555-9924,25887,853543,Ninjago,,2018,Ninjago Party Set,70,7.99,http://images.brickset.com/sets/images/853543-1.jpg,3
Mario,Synn,59,519-555-9924,24905,41561,Mixels,Series 7,2018,Tapsy,57,4.99,http://images.brickset.com/sets/images/41561-1.jpg,2
Joshua,Dillard,41,734-555-7042,25877,853506,Gear,Role-Play toys,2018,NK Shield Standard,NA,12.99,http://images.brickset.com/sets/images/853506-1.jpg,1
Joshua,Dillard,41,734-555-7042,24767,70335,Nexo Knights,Ultimate,2018,Ultimate Lavaria,69,9.99,http://images.brickset.com/sets/images/70335-1.jpg,1
Annabelle,Lindegren,36,662-555-9880,25647,71316,Bionicle,Reboot Villains,2018,Umarak the Destroyer,191,24.99,,1
Annabelle,Lindegren,36,662-555-9880,24986,30446,DC Comics Super Heroes,Batman v Superman: Dawn of Justice,2018,The Batmobile,63,3.99,http://images.brickset.com/sets/images/30446-1.jpg,2
Gabrielle,Mccumiskey,37,441-555-2199,24915,60130,City,Police,2018,Prison Island,754,89.99,http://images.brickset.com/sets/images/60130-1.jpg,2
Makenzie,Pitts,25,NA,24792,75134,Star Wars,Battlefront,2018,Galactic Empire Battle Pack,109,12.99,http://images.brickset.com/sets/images/75134-1.jpg,1
Makenzie,Pitts,25,NA,26037,41576,Mixels,Series 9,2018,Spinza,60,4.99,,2
Ramses,Ackah Yensu,38,909-555-0851,25879,853534,Gear,Key Chains/Ninjago,2018,Airjitzu Jay Key Chain,NA,5.99,http://images.brickset.com/sets/images/853534-1.jpg,1
Ramses,Ackah Yensu,38,909-555-0851,24791,75132,Star Wars,The Force Awakens,2018,First Order Battle Pack,88,12.99,http://images.brickset.com/sets/images/75132-1.jpg,1
Ramses,Ackah Yensu,38,909-555-0851,24916,60131,City,Police,2018,Crooks Island,244,29.99,http://images.brickset.com/sets/images/60131-1.jpg,1
Ramses,Ackah Yensu,38,909-555-0851,24719,10829,Duplo,Mickey Mouse Clubhouse,2018,Mickey's Workshop,18,19.99,http://images.brickset.com/sets/images/10829-1.jpg,2
Ramses,Ackah Yensu,38,909-555-0851,24796,75137,Star Wars,Episode V,2018,Carbon-Freezing Chamber,231,24.99,http://images.brickset.com/sets/images/75137-1.jpg,2
Christian,Ortiviz Madrid,41,434-555-8176,24781,75116,Star Wars,Buildable Figures,2018,Finn,98,24.99,http://images.brickset.com/sets/images/75116-1.jpg,3
Christian,Ortiviz Madrid,41,434-555-8176,25630,70337,Nexo Knights,Ultimate,2018,Ultimate Lance,75,9.99,,1
Christian,Ortiviz Madrid,41,434-555-8176,24729,41111,Friends,Party,2018,Party Train,109,9.99,http://images.brickset.com/sets/images/41111-1.jpg,1
Christian,Ortiviz Madrid,41,434-555-8176,24766,70334,Nexo Knights,Ultimate,2018,Ultimate Beast Master,65,9.99,http://images.brickset.com/sets/images/70334-1.jpg,2
Jeffrey,Cervantes,61,859-555-4454,24919,70601,Ninjago,Skybound,2018,Sky Shark,221,19.99,http://images.brickset.com/sets/images/70601-1.jpg,1
Jeffrey,Cervantes,61,859-555-4454,24784,75125,Star Wars,MicroFighters,2018,Resistance X-wing Fighter,87,9.99,http://images.brickset.com/sets/images/75125-1.jpg,1
Jeffrey,Cervantes,61,859-555-4454,24733,41118,Friends,,2018,Heartlake Supermarket,313,29.99,http://images.brickset.com/sets/images/41118-1.jpg,1
Jeffrey,Cervantes,61,859-555-4454,24689,60129,City,Police,2018,Police Patrol Boat,200,49.99,http://images.brickset.com/sets/images/60129-1.jpg,1
Meagan,Burke,22,316-555-5143,24769,70600,Ninjago,Skybound,2018,Ninja Bike Chase,231,19.99,http://images.brickset.com/sets/images/70600-1.jpg,1
Meagan,Burke,22,316-555-5143,24705,41141,Disney Princess,Palace Pets,2018,Pumpkin's Royal Carriage,79,9.99,http://images.brickset.com/sets/images/41141-1.jpg,1
Meagan,Burke,22,316-555-5143,24668,71303,Bionicle,Companions,2018,Ikir - Creature of Fire,77,9.99,http://images.brickset.com/sets/images/71303-1.jpg,1
Meagan,Burke,22,316-555-5143,25901,5004612,Gear,Watches/Clocks,2018,Lucy Wyldstyle Minifigure Link Watch,NA,24.99,http://images.brickset.com/sets/images/5004612-1.jpg,1
Dakotah,Baca,30,979-555-1121,25611,21127,Minecraft,Minifig-scale,2018,The Fortress,NA,109.99,http://images.brickset.com/sets/images/21127-1.jpg,1
Dakotah,Baca,30,979-555-1121,24689,60129,City,Police,2018,Police Patrol Boat,200,49.99,http://images.brickset.com/sets/images/60129-1.jpg,1
Elaine,Richa,37,246-555-8048,24759,70313,Nexo Knights,,2018,Moltor's Lava Smasher,187,19.99,http://images.brickset.com/sets/images/70313-1.jpg,2
Chisa,Pomeroy,39,617-555-1805,24788,75129,Star Wars,MicroFighters,2018,Wookiee Gunship,84,9.99,http://images.brickset.com/sets/images/75129-1.jpg,1
Chisa,Pomeroy,39,617-555-1805,25901,5004612,Gear,Watches/Clocks,2018,Lucy Wyldstyle Minifigure Link Watch,NA,24.99,http://images.brickset.com/sets/images/5004612-1.jpg,2
Trevor,Calderon-Nava,47,778-555-6609,24746,76048,Marvel Super Heroes,Avengers Assemble,2018,Iron Skull Sub Attack,335,29.99,http://images.brickset.com/sets/images/76048-1.jpg,3
Trevor,Calderon-Nava,47,778-555-6609,24727,41176,Elves,,2018,The Secret Market Place,691,59.99,http://images.brickset.com/sets/images/41176-1.jpg,1
Senay,Hildreth,30,607-555-8247,24895,31041,Creator,,2018,Construction Vehicles,64,4.99,http://images.brickset.com/sets/images/31041-1.jpg,3
Senay,Hildreth,30,607-555-8247,24798,75140,Star Wars,The Force Awakens,2018,Resistance Troop Transporter,646,69.99,http://images.brickset.com/sets/images/75140-1.jpg,2
Senay,Hildreth,30,607-555-8247,25642,70327,Nexo Knights,,2018,The King's Mech,375,29.99,http://images.brickset.com/sets/images/70327-1.jpg,1
Senay,Hildreth,30,607-555-8247,24957,71309,Bionicle,Toa,2018,Onua - Uniter of Earth,143,19.99,http://images.brickset.com/sets/images/71309-1.jpg,2
Shadae,Chidel,20,406-555-0853,24661,71233,Dimensions,Fun Pack,2018,Fun Pack: Stay Puft,65,14.99,http://images.brickset.com/sets/images/71233-1.jpg,2
Shadae,Chidel,20,406-555-0853,24705,41141,Disney Princess,Palace Pets,2018,Pumpkin's Royal Carriage,79,9.99,http://images.brickset.com/sets/images/41141-1.jpg,1
Vanessa,Mantey,42,NA,24621,41557,Mixels,Series 7,2018,Camillot,64,4.99,http://images.brickset.com/sets/images/41557-1.jpg,1
Vanessa,Mantey,42,NA,24696,31050,Creator,,2018,Corner Deli,467,39.99,http://images.brickset.com/sets/images/31050-1.jpg,2
Vanessa,Mantey,42,NA,24747,76049,Marvel Super Heroes,Avengers Assemble,2018,Avenjet Space Mission,523,59.99,http://images.brickset.com/sets/images/76049-1.jpg,1
Vanessa,Mantey,42,NA,24728,41110,Friends,Party,2018,Birthday Party,191,19.99,http://images.brickset.com/sets/images/41110-1.jpg,1
Mitchell,Olivo,41,345-555-9053,26037,41576,Mixels,Series 9,2018,Spinza,60,4.99,,1
Mitchell,Olivo,41,345-555-9053,25918,76055,DC Comics Super Heroes,Batman,2018,Batman: Killer Croc Sewer Smash,759,79.99,http://images.brickset.com/sets/images/76055-1.jpg,1
Hanibal,Vera,54,206-555-3697,24783,75118,Star Wars,Buildable Figures,2018,Captain Phasma,82,24.99,http://images.brickset.com/sets/images/75118-1.jpg,2
Holly,Klingelsmith,33,NA,25003,41564,Mixels,Series 8,2018,Aquad,70,4.99,http://images.brickset.com/sets/images/41564-1.jpg,4
Holly,Klingelsmith,33,NA,24906,41562,Mixels,Series 7,2018,Trumpsy,54,4.99,http://images.brickset.com/sets/images/41562-1.jpg,1
Mason,Perez,32,403-555-2627,24718,10819,Duplo,,2018,My First Garden,25,19.99,http://images.brickset.com/sets/images/10819-1.jpg,3
Mason,Perez,32,403-555-2627,24903,41558,Mixels,Series 7,2018,Mixadel,63,4.99,http://images.brickset.com/sets/images/41558-1.jpg,1
Jose,Downing,53,415-555-4797,25923,75147,Star Wars,Original Content,2018,Star Scavenger,558,49.99,http://images.brickset.com/sets/images/75147-1.jpg,1
Jose,Downing,53,415-555-4797,24666,71301,Bionicle,Companions,2018,Ketar - Creature of Stone,80,9.99,http://images.brickset.com/sets/images/71301-1.jpg,1
Jordan,O'Boyle,28,880-555-9695,24662,21026,Architecture,Skylines,2018,Venice,212,29.99,http://images.brickset.com/sets/images/21026-1.jpg,1
Jordan,O'Boyle,28,880-555-9695,25635,70320,Nexo Knights,,2018,Aaron Fox's Aero-Striker V2,301,29.99,http://images.brickset.com/sets/images/70320-1.jpg,2
Justin,Hiner,23,212-555-7274,24797,75138,Star Wars,Episode V,2018,Hoth Attack,233,24.99,http://images.brickset.com/sets/images/75138-1.jpg,1
Brianna,Biery,20,443-555-5650,25656,10804,Duplo,,2018,Jungle,86,49.99,http://images.brickset.com/sets/images/10804-1.jpg,2
Brianna,Biery,20,443-555-5650,24898,41113,Friends,Party,2018,Party Gift Shop,52,4.99,http://images.brickset.com/sets/images/41113-1.jpg,1
Sergey,Lapp,56,802-555-5261,24709,10803,Duplo,,2018,Arctic,40,29.99,http://images.brickset.com/sets/images/10803-1.jpg,1
Sergey,Lapp,56,802-555-5261,25923,75147,Star Wars,Original Content,2018,Star Scavenger,558,49.99,http://images.brickset.com/sets/images/75147-1.jpg,1
Allison,English,20,308-555-8064,24757,70311,Nexo Knights,,2018,Chaos Catapult,93,9.99,http://images.brickset.com/sets/images/70311-1.jpg,1
Isabel,Garrison,38,561-555-4014,25876,853555,Gear,Stationery,2018,Campsite Scrapbook,NA,14.99,http://images.brickset.com/sets/images/853555-1.jpg,1
Isabel,Garrison,38,561-555-4014,24756,70310,Nexo Knights,,2018,Knighton Battle Blaster,76,9.99,http://images.brickset.com/sets/images/70310-1.jpg,1
Isabel,Garrison,38,561-555-4014,24725,41174,Elves,,2018,The Starlight Inn,343,29.99,http://images.brickset.com/sets/images/41174-1.jpg,1
Rachelle,Henderson,50,636-555-3458,25009,41570,Mixels,Series 8,2018,Skrubz,68,4.99,http://images.brickset.com/sets/images/41570-1.jpg,1
Eden,Morgan,47,882-555-5047,24712,10808,Duplo,,2018,Little Plane,13,9.99,http://images.brickset.com/sets/images/10808-1.jpg,2
Eden,Morgan,47,882-555-5047,25612,21128,Minecraft,Minifig-scale,2018,The Village,NA,199.99,,1
Eden,Morgan,47,882-555-5047,24675,60106,City,Fire,2018,Fire Starter Set,90,9.99,http://images.brickset.com/sets/images/60106-1.jpg,2
Emilie,Ellis,33,806-555-3409,25639,70324,Nexo Knights,,2018,Merlok's Library 2.0,288,24.99,http://images.brickset.com/sets/images/70324-1.jpg,1
Emilie,Ellis,33,806-555-3409,24760,70315,Nexo Knights,,2018,Clay's Rumble Blade,367,39.99,http://images.brickset.com/sets/images/70315-1.jpg,1
Emilie,Ellis,33,806-555-3409,24762,70330,Nexo Knights,Ultimate,2018,Ultimate Clay,72,9.99,http://images.brickset.com/sets/images/70330-1.jpg,2
Emilie,Ellis,33,806-555-3409,25877,853506,Gear,Role-Play toys,2018,NK Shield Standard,NA,12.99,http://images.brickset.com/sets/images/853506-1.jpg,1
Seth,Foley,24,NA,24903,41558,Mixels,Series 7,2018,Mixadel,63,4.99,http://images.brickset.com/sets/images/41558-1.jpg,2
Seth,Foley,24,NA,24750,76065,Marvel Super Heroes,Mighty Micros,2018,Captain America vs. Red Skull,95,9.99,http://images.brickset.com/sets/images/76065-1.jpg,1
Seth,Foley,24,NA,25875,853570,City,Police,2018,Police Accessory Set,26,14.99,http://images.brickset.com/sets/images/853570-1.jpg,2
Seth,Foley,24,NA,25594,71011,Collectable Minifigures,Series 15,2018,LEGO Minifigures - Series 15 - Sealed Box,NA,3.99,http://images.brickset.com/sets/images/71011-18.jpg,1
Sara,Siegwarth,30,214-555-6861,24898,41113,Friends,Party,2018,Party Gift Shop,52,4.99,http://images.brickset.com/sets/images/41113-1.jpg,1
Sara,Siegwarth,30,214-555-6861,25876,853555,Gear,Stationery,2018,Campsite Scrapbook,NA,14.99,http://images.brickset.com/sets/images/853555-1.jpg,1
Siria,Vorwald,28,716-555-2704,24956,71300,Bionicle,companions,2018,Uxar - Creature of Jungle,89,9.99,http://images.brickset.com/sets/images/71300-1.jpg,1
Siria,Vorwald,28,716-555-2704,24691,31043,Creator,,2018,Chopper Transporter,124,9.99,http://images.brickset.com/sets/images/31043-1.jpg,1
Blake,Serota,44,952-555-3416,26058,5005059,Gear,Video Games/PS3,2018,Marvel Avengers PS3 Video Game,NA,49.99,http://images.brickset.com/sets/images/5005059-1.jpg,1
Blake,Serota,44,952-555-3416,24785,75126,Star Wars,MicroFighters,2018,First Order Snowspeeder,91,9.99,http://images.brickset.com/sets/images/75126-1.jpg,1
Blake,Serota,44,952-555-3416,25885,853572,Gear,Key Chains/Miscellaneous,2018,Bumble Bee Key Chain,NA,5.99,http://images.brickset.com/sets/images/853572-1.jpg,1
Lavie,Faulkner,41,718-555-0575,25647,71316,Bionicle,Reboot Villains,2018,Umarak the Destroyer,191,24.99,,2
Lavie,Faulkner,41,718-555-0575,25662,75824,The Angry Birds Movie,,2018,Pig City Teardown,386,39.99,http://images.brickset.com/sets/images/75824-1.jpg,1
Lavie,Faulkner,41,718-555-0575,25623,70592,Ninjago,Rise of the Villains,2018,Salvage M.E.C.,439,39.99,http://images.brickset.com/sets/images/70592-1.jpg,1
Brianna,Prisbrey,28,580-555-3606,24697,76044,DC Comics Super Heroes,Batman v Superman: Dawn of Justice,2018,Clash of the Heroes,92,12.99,http://images.brickset.com/sets/images/76044-1.jpg,1
Brianna,Prisbrey,28,580-555-3606,25656,10804,Duplo,,2018,Jungle,86,49.99,http://images.brickset.com/sets/images/10804-1.jpg,1
Brianna,Prisbrey,28,580-555-3606,24551,71234,Dimensions,Fun Pack,2018,Fun Pack: Sensei Wu,58,14.99,http://images.brickset.com/sets/images/71234-1.jpg,1
Da Som,Roskam,36,441-555-9959,24764,70333,Nexo Knights,Ultimate,2018,Ultimate Robin,75,9.99,http://images.brickset.com/sets/images/70333-1.jpg,1
Da Som,Roskam,36,441-555-9959,25875,853570,City,Police,2018,Police Accessory Set,26,14.99,http://images.brickset.com/sets/images/853570-1.jpg,1
Alina,Calerich,22,480-555-5897,24731,41116,Friends,,2018,Olivia's Exploration Car,185,14.99,http://images.brickset.com/sets/images/41116-1.jpg,1
Alina,Calerich,22,480-555-5897,24727,41176,Elves,,2018,The Secret Market Place,691,59.99,http://images.brickset.com/sets/images/41176-1.jpg,1
Alina,Calerich,22,480-555-5897,24915,60130,City,Police,2018,Prison Island,754,89.99,http://images.brickset.com/sets/images/60130-1.jpg,1
Alina,Calerich,22,480-555-5897,25897,853551,Gear,Key Chains/Friends,2018,Olivia Key Chain,NA,5.99,http://images.brickset.com/sets/images/853551-1.jpg,1
Alina,Calerich,22,480-555-5897,24673,71308,Bionicle,Toa,2018,Tahu - Uniter of Fire,132,19.99,http://images.brickset.com/sets/images/71308-1.jpg,1
Ursula,Goyen,33,973-555-5517,24920,70605,Ninjago,Skybound,2018,Misfortune's Keep,754,79.99,http://images.brickset.com/sets/images/70605-1.jpg,2
Ursula,Goyen,33,973-555-5517,25876,853555,Gear,Stationery,2018,Campsite Scrapbook,NA,14.99,http://images.brickset.com/sets/images/853555-1.jpg,1
Ursula,Goyen,33,973-555-5517,25638,70323,Nexo Knights,,2018,Jestro's Volcano Lair,1186,119.99,http://images.brickset.com/sets/images/70323-1.jpg,1
Ursula,Goyen,33,973-555-5517,24722,41171,Elves,,2018,Emily Jones & the Baby Wind Dragon,80,9.99,http://images.brickset.com/sets/images/41171-1.jpg,1
Ashley,Bletcher,61,567-555-1984,24905,41561,Mixels,Series 7,2018,Tapsy,57,4.99,http://images.brickset.com/sets/images/41561-1.jpg,2
Ashley,Bletcher,61,567-555-1984,24709,10803,Duplo,,2018,Arctic,40,29.99,http://images.brickset.com/sets/images/10803-1.jpg,1
Ashley,Bletcher,61,567-555-1984,24697,76044,DC Comics Super Heroes,Batman v Superman: Dawn of Justice,2018,Clash of the Heroes,92,12.99,http://images.brickset.com/sets/images/76044-1.jpg,2
Jackson,Dominguez,40,NA,24759,70313,Nexo Knights,,2018,Moltor's Lava Smasher,187,19.99,http://images.brickset.com/sets/images/70313-1.jpg,2
Jackson,Dominguez,40,NA,25611,21127,Minecraft,Minifig-scale,2018,The Fortress,NA,109.99,http://images.brickset.com/sets/images/21127-1.jpg,1
Jackson,Dominguez,40,NA,25008,41569,Mixels,Series 8,2018,Surgeo,63,4.99,http://images.brickset.com/sets/images/41569-1.jpg,2
Jackson,Dominguez,40,NA,24733,41118,Friends,,2018,Heartlake Supermarket,313,29.99,http://images.brickset.com/sets/images/41118-1.jpg,1
Jackson,Dominguez,40,NA,25632,70339,Nexo Knights,Ultimate,2018,Ultimate Flama,67,9.99,,3
Jackson,Dominguez,40,NA,26034,41573,Mixels,Series 9,2018,Sweepz,61,4.99,,1
Jackson,Dominguez,40,NA,25885,853572,Gear,Key Chains/Miscellaneous,2018,Bumble Bee Key Chain,NA,5.99,http://images.brickset.com/sets/images/853572-1.jpg,2
India,Rudy,39,NA,24709,10803,Duplo,,2018,Arctic,40,29.99,http://images.brickset.com/sets/images/10803-1.jpg,1
India,Rudy,39,NA,25004,41565,Mixels,Series 8,2018,Hydro,70,4.99,http://images.brickset.com/sets/images/41565-1.jpg,2
India,Rudy,39,NA,24659,71228,Dimensions,Level Pack,2018,Level Pack: Ghostbusters,115,29.99,http://images.brickset.com/sets/images/71228-1.jpg,1
India,Rudy,39,NA,25636,70321,Nexo Knights,,2018,General Magmar's Siege Machine of Doom,516,49.99,http://images.brickset.com/sets/images/70321-1.jpg,2
India,Rudy,39,NA,24790,75131,Star Wars,The Force Awakens,2018,Resistance Trooper Battle Pack,112,12.99,http://images.brickset.com/sets/images/75131-1.jpg,1
Alex,Martin,32,612-555-6849,25664,75826,The Angry Birds Movie,,2018,King Pig's Castle,859,89.99,http://images.brickset.com/sets/images/75826-1.jpg,2
Alex,Martin,32,612-555-6849,25624,70593,Ninjago,Skybound,2018,The Green NRG Dragon,567,49.99,http://images.brickset.com/sets/images/70593-1.jpg,1
Carolane,Levosky,37,732-555-0913,25876,853555,Gear,Stationery,2018,Campsite Scrapbook,NA,14.99,http://images.brickset.com/sets/images/853555-1.jpg,4
Carolane,Levosky,37,732-555-0913,26041,41580,Mixels,Series 9,2018,Myke,63,4.99,,1
Carolane,Levosky,37,732-555-0913,24797,75138,Star Wars,Episode V,2018,Hoth Attack,233,24.99,http://images.brickset.com/sets/images/75138-1.jpg,2
Tristin,Marcy,39,NA,25010,41571,Mixels,Series 8,2018,Tuth,67,4.99,http://images.brickset.com/sets/images/41571-1.jpg,1
Tristin,Marcy,39,NA,24760,70315,Nexo Knights,,2018,Clay's Rumble Blade,367,39.99,http://images.brickset.com/sets/images/70315-1.jpg,2
Tristin,Marcy,39,NA,24800,42044,Technic,,2018,Display Team Jet,113,12.99,http://images.brickset.com/sets/images/42044-1.jpg,1
Tristin,Marcy,39,NA,24986,30446,DC Comics Super Heroes,Batman v Superman: Dawn of Justice,2018,The Batmobile,63,3.99,http://images.brickset.com/sets/images/30446-1.jpg,1
Tristin,Marcy,39,NA,26057,5005058,Gear,Video Games/Wii U,2018,Marvel Avengers Wii U Video Game,NA,49.99,http://images.brickset.com/sets/images/5005058-1.jpg,3
Aaron,Bruner,18,914-555-5003,24679,60111,City,Fire,2018,Fire Utility Truck,368,39.99,http://images.brickset.com/sets/images/60111-1.jpg,4
Aaron,Bruner,18,914-555-5003,24956,71300,Bionicle,companions,2018,Uxar - Creature of Jungle,89,9.99,http://images.brickset.com/sets/images/71300-1.jpg,1
Aaron,Bruner,18,914-555-5003,24796,75137,Star Wars,Episode V,2018,Carbon-Freezing Chamber,231,24.99,http://images.brickset.com/sets/images/75137-1.jpg,2
Dominic,Mayo,34,936-555-0956,25887,853543,Ninjago,,2018,Ninjago Party Set,70,7.99,http://images.brickset.com/sets/images/853543-1.jpg,2
Michael,Donner,18,432-555-3069,24660,71241,Dimensions,Fun Pack,2018,Fun Pack: Slimer,33,14.99,http://images.brickset.com/sets/images/71241-1.jpg,2
Michael,Donner,18,432-555-3069,24709,10803,Duplo,,2018,Arctic,40,29.99,http://images.brickset.com/sets/images/10803-1.jpg,1
Michael,Donner,18,432-555-3069,26059,5005060,Gear,Video Games/3DS,2018,Marvel Avengers Nintendo 3DS Video Game,NA,29.99,http://images.brickset.com/sets/images/5005060-1.jpg,1
Elyssa,Nelson,26,815-555-4287,24703,41069,Disney Princess,Palace Pets,2018,Treasure's Day at the Pool,70,5.99,http://images.brickset.com/sets/images/41069-1.jpg,1
Elyssa,Nelson,26,815-555-4287,24736,41121,Friends,Adventure Camp,2018,Adventure Camp Rafting,320,29.99,http://images.brickset.com/sets/images/41121-1.jpg,1
Francisco,Smith,34,229-555-6673,24687,60127,City,Police,2018,Prison Island Starter Set,92,9.99,http://images.brickset.com/sets/images/60127-1.jpg,1
Francisco,Smith,34,229-555-6673,24802,42046,Technic,,2018,Getaway Racer,170,19.99,http://images.brickset.com/sets/images/42046-1.jpg,1
Saige,Dugger,27,406-555-4946,24677,60108,City,Fire,2018,Fire Response Unit,257,39.99,http://images.brickset.com/sets/images/60108-1.jpg,1
Saige,Dugger,27,406-555-4946,24715,10816,Duplo,,2018,My First Cars and Trucks,36,19.99,http://images.brickset.com/sets/images/10816-1.jpg,2
Saige,Dugger,27,406-555-4946,24722,41171,Elves,,2018,Emily Jones & the Baby Wind Dragon,80,9.99,http://images.brickset.com/sets/images/41171-1.jpg,1
Saige,Dugger,27,406-555-4946,25635,70320,Nexo Knights,,2018,Aaron Fox's Aero-Striker V2,301,29.99,http://images.brickset.com/sets/images/70320-1.jpg,1
Saige,Dugger,27,406-555-4946,24762,70330,Nexo Knights,Ultimate,2018,Ultimate Clay,72,9.99,http://images.brickset.com/sets/images/70330-1.jpg,1
Taylor,Bruder,56,409-555-7986,24718,10819,Duplo,,2018,My First Garden,25,19.99,http://images.brickset.com/sets/images/10819-1.jpg,2
Taylor,Bruder,56,409-555-7986,24793,75133,Star Wars,Battlefront,2018,Rebel Alliance Battle Pack,101,12.99,http://images.brickset.com/sets/images/75133-1.jpg,2
Keyana,Lafay,52,786-555-6090,25594,71011,Collectable Minifigures,Series 15,2018,LEGO Minifigures - Series 15 - Sealed Box,NA,3.99,http://images.brickset.com/sets/images/71011-18.jpg,1
Keyana,Lafay,52,786-555-6090,24663,21027,Architecture,Skylines,2018,Berlin,289,29.99,http://images.brickset.com/sets/images/21027-1.jpg,1
Keyana,Lafay,52,786-555-6090,24919,70601,Ninjago,Skybound,2018,Sky Shark,221,19.99,http://images.brickset.com/sets/images/70601-1.jpg,1
Keyana,Lafay,52,786-555-6090,26037,41576,Mixels,Series 9,2018,Spinza,60,4.99,,2
Kaitlyn,Engel,27,440-555-1127,24672,71307,Bionicle,Toa,2018,Gali - Uniter of Water,87,14.99,http://images.brickset.com/sets/images/71307-1.jpg,3
Kaitlyn,Engel,27,440-555-1127,25010,41571,Mixels,Series 8,2018,Tuth,67,4.99,http://images.brickset.com/sets/images/41571-1.jpg,2
Kaitlyn,Engel,27,440-555-1127,25896,853547,Gear,Key Chains/Friends,2018,Emma Key Chain,NA,5.99,http://images.brickset.com/sets/images/853547-1.jpg,2
Kaitlyn,Engel,27,440-555-1127,25645,71314,Bionicle,Reboot Villains,2018,Storm Beast,109,14.99,,1
Rachael,Tilley,26,806-555-8594,24988,40202,Seasonal,Easter,2018,Easter Chick,111,9.99,,2
Rachael,Tilley,26,806-555-8594,26036,41575,Mixels,Series 9,2018,Cobrax,64,4.99,,1
Keith,Atwood,25,NA,24804,42048,Technic,,2018,Race Kart,345,29.99,http://images.brickset.com/sets/images/42048-1.jpg,1
John,Ellis,24,815-555-9436,26057,5005058,Gear,Video Games/Wii U,2018,Marvel Avengers Wii U Video Game,NA,49.99,http://images.brickset.com/sets/images/5005058-1.jpg,1
Tynecia,Kramer,20,778-555-0036,24731,41116,Friends,,2018,Olivia's Exploration Car,185,14.99,http://images.brickset.com/sets/images/41116-1.jpg,1
Tynecia,Kramer,20,778-555-0036,24770,70602,Ninjago,Skybound,2018,Jay's Elemental Dragon,350,29.99,http://images.brickset.com/sets/images/70602-1.jpg,1
Tynecia,Kramer,20,778-555-0036,25658,21305,Ideas,,2018,Maze,769,69.99,,2
Jennifer,Dana,26,956-555-9719,24691,31043,Creator,,2018,Chopper Transporter,124,9.99,http://images.brickset.com/sets/images/31043-1.jpg,2
Jennifer,Dana,26,956-555-9719,25597,75827,Ghostbusters,,2018,Firehouse Headquarters ,4634,349.99,http://images.brickset.com/sets/images/75827-1.jpg,2
Gabriel,Dysart,49,858-555-0076,25637,70322,Nexo Knights,,2018,Axl's Tower Carrier,670,69.99,http://images.brickset.com/sets/images/70322-1.jpg,2
Gabriel,Dysart,49,858-555-0076,24697,76044,DC Comics Super Heroes,Batman v Superman: Dawn of Justice,2018,Clash of the Heroes,92,12.99,http://images.brickset.com/sets/images/76044-1.jpg,3
Dylan,Mcgrath,18,229-555-1970,24748,76050,Marvel Super Heroes,Captain America: Civil War,2018,Crossbones' Hazard Heist,179,19.99,http://images.brickset.com/sets/images/76050-1.jpg,1
Dylan,Mcgrath,18,229-555-1970,25645,71314,Bionicle,Reboot Villains,2018,Storm Beast,109,14.99,,1
Jacob,Griffith,29,928-555-3406,25627,70596,Ninjago,Rise of the Villains,2018,Samurai X Cave Chaos,1253,119.99,,1
Jacob,Griffith,29,928-555-3406,25887,853543,Ninjago,,2018,Ninjago Party Set,70,7.99,http://images.brickset.com/sets/images/853543-1.jpg,2
Jacob,Griffith,29,928-555-3406,24716,10817,Duplo,,2018,Creative Chest,70,29.99,http://images.brickset.com/sets/images/10817-1.jpg,1
Dustin,Tennis,31,229-555-5837,24687,60127,City,Police,2018,Prison Island Starter Set,92,9.99,http://images.brickset.com/sets/images/60127-1.jpg,1
Melanie,Rollert,43,NA,25668,75828,Ghostbusters,Reboot,2018,Ghostbusters Ecto-1 & Ecto-2,NA,59.99,http://images.brickset.com/sets/images/75828-1.jpg,2
Melanie,Rollert,43,NA,26026,41179,Elves,,2018,Queen Dragon's Rescue,833,69.99,,3
Robert,Buse,38,712-555-9533,24794,75135,Star Wars,Episode III,2018,Obi-Wan's Jedi Interceptor,215,24.99,http://images.brickset.com/sets/images/75135-1.jpg,2
Robert,Buse,38,712-555-9533,24784,75125,Star Wars,MicroFighters,2018,Resistance X-wing Fighter,87,9.99,http://images.brickset.com/sets/images/75125-1.jpg,1
Robert,Buse,38,712-555-9533,24733,41118,Friends,,2018,Heartlake Supermarket,313,29.99,http://images.brickset.com/sets/images/41118-1.jpg,2
Jessa,Stites,51,NA,24618,71238,Dimensions,Fun Pack,2018,Fun Pack: Cyberman,40,14.99,http://images.brickset.com/sets/images/71238-1.jpg,1
Jessa,Stites,51,NA,24762,70330,Nexo Knights,Ultimate,2018,Ultimate Clay,72,9.99,http://images.brickset.com/sets/images/70330-1.jpg,1
Ryan,Marquez,25,281-555-0811,24766,70334,Nexo Knights,Ultimate,2018,Ultimate Beast Master,65,9.99,http://images.brickset.com/sets/images/70334-1.jpg,1
Ryan,Marquez,25,281-555-0811,25898,75145,Star Wars,Original Content,2018,Eclipse Fighter,363,29.99,http://images.brickset.com/sets/images/75145-1.jpg,1
Ryan,Marquez,25,281-555-0811,24618,71238,Dimensions,Fun Pack,2018,Fun Pack: Cyberman,40,14.99,http://images.brickset.com/sets/images/71238-1.jpg,1
Orion,Gates,54,214-555-0029,24769,70600,Ninjago,Skybound,2018,Ninja Bike Chase,231,19.99,http://images.brickset.com/sets/images/70600-1.jpg,4
Orion,Gates,54,214-555-0029,25623,70592,Ninjago,Rise of the Villains,2018,Salvage M.E.C.,439,39.99,http://images.brickset.com/sets/images/70592-1.jpg,2
Orion,Gates,54,214-555-0029,25624,70593,Ninjago,Skybound,2018,The Green NRG Dragon,567,49.99,http://images.brickset.com/sets/images/70593-1.jpg,1
Jenny,Tutone,35,919-867-5309,24729,41111,Friends,Party,2018,Party Train,109,9.99,http://images.brickset.com/sets/images/41111-1.jpg,1
Jenny,Tutone,35,919-867-5309,24894,31040,Creator,,2018,Desert Racers,65,4.99,http://images.brickset.com/sets/images/31040-1.jpg,1
Jenny,Tutone,35,919-867-5309,24735,41120,Friends,Adventure Camp,2018,Adventure Camp Archery,114,9.99,http://images.brickset.com/sets/images/41120-1.jpg,1
Josie,Paley,38,807-555-3971,25876,853555,Gear,Stationery,2018,Campsite Scrapbook,NA,14.99,http://images.brickset.com/sets/images/853555-1.jpg,1
Josie,Paley,38,807-555-3971,24796,75137,Star Wars,Episode V,2018,Carbon-Freezing Chamber,231,24.99,http://images.brickset.com/sets/images/75137-1.jpg,2
Josie,Paley,38,807-555-3971,24781,75116,Star Wars,Buildable Figures,2018,Finn,98,24.99,http://images.brickset.com/sets/images/75116-1.jpg,3
Josie,Paley,38,807-555-3971,26034,41573,Mixels,Series 9,2018,Sweepz,61,4.99,,1
Josie,Paley,38,807-555-3971,24788,75129,Star Wars,MicroFighters,2018,Wookiee Gunship,84,9.99,http://images.brickset.com/sets/images/75129-1.jpg,1
Josie,Paley,38,807-555-3971,24904,41559,Mixels,Series 7,2018,Paladum,64,4.99,http://images.brickset.com/sets/images/41559-1.jpg,2
Christina,Williams,39,541-555-5085,24670,71305,Bionicle,Toa,2018,Lewa - Uniter of Jungle,79,14.99,http://images.brickset.com/sets/images/71305-1.jpg,2
Christina,Williams,39,541-555-5085,24995,10702,Classic,,2018,Creative Building Set,583,29.99,http://images.brickset.com/sets/images/10702-1.jpg,1
Christina,Williams,39,541-555-5085,24758,70312,Nexo Knights,,2018,Lance's Mecha Horse,237,19.99,http://images.brickset.com/sets/images/70312-1.jpg,1
Alexandra,Leinhart,24,551-555-8769,24736,41121,Friends,Adventure Camp,2018,Adventure Camp Rafting,320,29.99,http://images.brickset.com/sets/images/41121-1.jpg,2
Alexandra,Leinhart,24,551-555-8769,24762,70330,Nexo Knights,Ultimate,2018,Ultimate Clay,72,9.99,http://images.brickset.com/sets/images/70330-1.jpg,1
Alexandra,Leinhart,24,551-555-8769,25635,70320,Nexo Knights,,2018,Aaron Fox's Aero-Striker V2,301,29.99,http://images.brickset.com/sets/images/70320-1.jpg,2
Delmi,Spedding,40,758-555-3948,24679,60111,City,Fire,2018,Fire Utility Truck,368,39.99,http://images.brickset.com/sets/images/60111-1.jpg,2
Delmi,Spedding,40,758-555-3948,24735,41120,Friends,Adventure Camp,2018,Adventure Camp Archery,114,9.99,http://images.brickset.com/sets/images/41120-1.jpg,1
Peyton,Wiebe,29,281-555-8711,25612,21128,Minecraft,Minifig-scale,2018,The Village,NA,199.99,,1
Peyton,Wiebe,29,281-555-8711,25922,75149,Star Wars,The Force Awakens,2018,Resistance X-wing Fighter,740,79.99,http://images.brickset.com/sets/images/75149-1.jpg,1
Peyton,Wiebe,29,281-555-8711,26024,41177,Elves,,2018,The Precious Crystal Mine,273,29.99,http://images.brickset.com/sets/images/41177-1.jpg,2
Gunnar,Nickless,36,915-555-5334,24678,60109,City,Fire,2018,Fire Boat,412,79.99,http://images.brickset.com/sets/images/60109-1.jpg,1
Alex,Ford,33,509-555-2531,24701,76062,DC Comics Super Heroes,Mighty Micros,2018,Robin vs. Bane,77,9.99,http://images.brickset.com/sets/images/76062-1.jpg,1
Audrey,Eustace,26,NA,24771,70603,Ninjago,Skybound,2018,Raid Zeppelin,294,29.99,http://images.brickset.com/sets/images/70603-1.jpg,1
Audrey,Eustace,26,NA,25877,853506,Gear,Role-Play toys,2018,NK Shield Standard,NA,12.99,http://images.brickset.com/sets/images/853506-1.jpg,1
Audrey,Eustace,26,NA,25641,70326,Nexo Knights,,2018,The Black Knight Mech,530,39.99,,1
Audrey,Eustace,26,NA,24749,76064,Marvel Super Heroes,Mighty Micros,2018,Spider-Man vs. Green Goblin,85,9.99,http://images.brickset.com/sets/images/76064-1.jpg,1
Jacob,Scott,23,312-555-5114,24691,31043,Creator,,2018,Chopper Transporter,124,9.99,http://images.brickset.com/sets/images/31043-1.jpg,2
Jacob,Scott,23,312-555-5114,24672,71307,Bionicle,Toa,2018,Gali - Uniter of Water,87,14.99,http://images.brickset.com/sets/images/71307-1.jpg,1
Daniel,Griffey,68,479-555-3648,25631,70338,Nexo Knights,Ultimate,2018,Ultimate General Magmar,64,9.99,,1
Daniel,Griffey,68,479-555-3648,24733,41118,Friends,,2018,Heartlake Supermarket,313,29.99,http://images.brickset.com/sets/images/41118-1.jpg,2
Daniel,Griffey,68,479-555-3648,24619,41560,Mixels,Series 7,2018,Jamzy,70,4.99,http://images.brickset.com/sets/images/41560-1.jpg,4
Amanda,Hunter,21,NA,25655,10826,Duplo,Miles from Tomorrowland,2018,Miles' Stellosphere Hangar,44,34.99,http://images.brickset.com/sets/images/10826-1.jpg,2
Amanda,Hunter,21,NA,24666,71301,Bionicle,Companions,2018,Ketar - Creature of Stone,80,9.99,http://images.brickset.com/sets/images/71301-1.jpg,1
Alissa,Lamsal,27,313-555-1678,24762,70330,Nexo Knights,Ultimate,2018,Ultimate Clay,72,9.99,http://images.brickset.com/sets/images/70330-1.jpg,2
Alissa,Lamsal,27,313-555-1678,25640,70325,Nexo Knights,,2018,Infernox captures the Queen,253,24.99,http://images.brickset.com/sets/images/70325-1.jpg,3
Melissa,Prael,41,819-555-1361,24919,70601,Ninjago,Skybound,2018,Sky Shark,221,19.99,http://images.brickset.com/sets/images/70601-1.jpg,1
Melissa,Prael,41,819-555-1361,25006,41567,Mixels,Series 8,2018,Skulzy,66,4.99,http://images.brickset.com/sets/images/41567-1.jpg,1
Melissa,Prael,41,819-555-1361,24804,42048,Technic,,2018,Race Kart,345,29.99,http://images.brickset.com/sets/images/42048-1.jpg,1
Audrey,Baker,40,386-555-0465,25916,76054,DC Comics Super Heroes,Batman,2018,Batman: Scarecrow Harvest of Fear,563,59.99,http://images.brickset.com/sets/images/76054-1.jpg,1
Audrey,Baker,40,386-555-0465,25660,75822,The Angry Birds Movie,,2018,Piggy Plane Attack,168,19.99,http://images.brickset.com/sets/images/75822-1.jpg,1
Audrey,Baker,40,386-555-0465,24803,42047,Technic,,2018,Police Interceptor,185,19.99,http://images.brickset.com/sets/images/42047-1.jpg,1
Audrey,Baker,40,386-555-0465,24691,31043,Creator,,2018,Chopper Transporter,124,9.99,http://images.brickset.com/sets/images/31043-1.jpg,1
Ean,Kruse,53,740-555-8273,24918,70317,Nexo Knights,,2018,The Fortrex,1140,99.99,http://images.brickset.com/sets/images/70317-1.jpg,1
Ean,Kruse,53,740-555-8273,24898,41113,Friends,Party,2018,Party Gift Shop,52,4.99,http://images.brickset.com/sets/images/41113-1.jpg,1
Lawrence,Lewis,21,602-555-4393,24663,21027,Architecture,Skylines,2018,Berlin,289,29.99,http://images.brickset.com/sets/images/21027-1.jpg,2
Shelby,Siekmeier,56,210-555-8934,24907,42050,Technic,,2018,Drag Racer,647,79.99,http://images.brickset.com/sets/images/42050-1.jpg,1
Shelby,Siekmeier,56,210-555-8934,26058,5005059,Gear,Video Games/PS3,2018,Marvel Avengers PS3 Video Game,NA,49.99,http://images.brickset.com/sets/images/5005059-1.jpg,1
Megan,Sweetman,30,567-555-4401,24957,71309,Bionicle,Toa,2018,Onua - Uniter of Earth,143,19.99,http://images.brickset.com/sets/images/71309-1.jpg,1
Megan,Sweetman,30,567-555-4401,24959,75139,Star Wars,The Force Awakens,2018,Battle on Takodana,409,59.99,http://images.brickset.com/sets/images/75139-1.jpg,2
Megan,Sweetman,30,567-555-4401,24986,30446,DC Comics Super Heroes,Batman v Superman: Dawn of Justice,2018,The Batmobile,63,3.99,http://images.brickset.com/sets/images/30446-1.jpg,1
Megan,Sweetman,30,567-555-4401,24737,41135,Friends,Pop Star,2018,Livi's Pop Star House,597,49.99,http://images.brickset.com/sets/images/41135-1.jpg,1
Dylan,Scott,53,813-555-0271,25884,853571,Gear,Key Chains/Miscellaneous,2018,Hot Dog Guy Key Chain,NA,5.99,http://images.brickset.com/sets/images/853571-1.jpg,1
Dylan,Scott,53,813-555-0271,24683,60116,City,Medical,2018,Ambulance Plane,183,19.99,http://images.brickset.com/sets/images/60116-1.jpg,1
John,Leavell,39,843-555-8490,24786,75127,Star Wars,MicroFighters,2018,The Ghost,104,9.99,http://images.brickset.com/sets/images/75127-1.jpg,1
John,Leavell,39,843-555-8490,25656,10804,Duplo,,2018,Jungle,86,49.99,http://images.brickset.com/sets/images/10804-1.jpg,1
John,Leavell,39,843-555-8490,25624,70593,Ninjago,Skybound,2018,The Green NRG Dragon,567,49.99,http://images.brickset.com/sets/images/70593-1.jpg,1
John,Leavell,39,843-555-8490,24551,71234,Dimensions,Fun Pack,2018,Fun Pack: Sensei Wu,58,14.99,http://images.brickset.com/sets/images/71234-1.jpg,1
Angel,Payne,62,NA,25605,75146,Star Wars,Seasonal,2018,Star Wars Advent Calendar,282,39.99,http://images.brickset.com/sets/images/75146-1.jpg,4
Angel,Payne,62,NA,24793,75133,Star Wars,Battlefront,2018,Rebel Alliance Battle Pack,101,12.99,http://images.brickset.com/sets/images/75133-1.jpg,1
Nadia,Romero,37,702-555-1158,24672,71307,Bionicle,Toa,2018,Gali - Uniter of Water,87,14.99,http://images.brickset.com/sets/images/71307-1.jpg,1
Nadia,Romero,37,702-555-1158,24986,30446,DC Comics Super Heroes,Batman v Superman: Dawn of Justice,2018,The Batmobile,63,3.99,http://images.brickset.com/sets/images/30446-1.jpg,1
Sarah,Harris,44,787-555-1308,25624,70593,Ninjago,Skybound,2018,The Green NRG Dragon,567,49.99,http://images.brickset.com/sets/images/70593-1.jpg,1
Danait,Mckinny,33,NA,24919,70601,Ninjago,Skybound,2018,Sky Shark,221,19.99,http://images.brickset.com/sets/images/70601-1.jpg,2
Joseph,Holub,33,732-555-8846,25877,853506,Gear,Role-Play toys,2018,NK Shield Standard,NA,12.99,http://images.brickset.com/sets/images/853506-1.jpg,3
Joseph,Holub,33,732-555-8846,25007,41568,Mixels,Series 8,2018,Lewt,62,4.99,http://images.brickset.com/sets/images/41568-1.jpg,1
Joseph,Holub,33,732-555-8846,25606,75148,Star Wars,The Force Awakens,2018,Encounter on Jakku,530,59.99,http://images.brickset.com/sets/images/75148-1.jpg,1
Joseph,Holub,33,732-555-8846,24619,41560,Mixels,Series 7,2018,Jamzy,70,4.99,http://images.brickset.com/sets/images/41560-1.jpg,1
Joseph,Holub,33,732-555-8846,24797,75138,Star Wars,Episode V,2018,Hoth Attack,233,24.99,http://images.brickset.com/sets/images/75138-1.jpg,2
Elias,Garrett,50,832-555-9165,24915,60130,City,Police,2018,Prison Island,754,89.99,http://images.brickset.com/sets/images/60130-1.jpg,3
Elias,Garrett,50,832-555-9165,25898,75145,Star Wars,Original Content,2018,Eclipse Fighter,363,29.99,http://images.brickset.com/sets/images/75145-1.jpg,1
Elias,Garrett,50,832-555-9165,24725,41174,Elves,,2018,The Starlight Inn,343,29.99,http://images.brickset.com/sets/images/41174-1.jpg,1
Isaac,Younger,42,345-555-2861,25662,75824,The Angry Birds Movie,,2018,Pig City Teardown,386,39.99,http://images.brickset.com/sets/images/75824-1.jpg,1
Isaac,Younger,42,345-555-2861,24686,60119,City,Harbour,2018,Ferry,301,29.99,http://images.brickset.com/sets/images/60119-1.jpg,1
Dominique,Kifletsion,28,647-555-6291,24730,41115,Friends,,2018,Emma's Creative Workshop,108,9.99,http://images.brickset.com/sets/images/41115-1.jpg,2
Dominique,Kifletsion,28,647-555-6291,25917,76058,Marvel Super Heroes,Ultimate Spider-Man,2018,Spider-Man: Ghost Rider Team-Up,217,19.99,http://images.brickset.com/sets/images/76058-1.jpg,3
Morgan,Andreas,22,785-555-6517,25002,41563,Mixels,Series 8,2018,Splasho,67,4.99,http://images.brickset.com/sets/images/41563-1.jpg,2
Morgan,Andreas,22,785-555-6517,24918,70317,Nexo Knights,,2018,The Fortrex,1140,99.99,http://images.brickset.com/sets/images/70317-1.jpg,1
Morgan,Andreas,22,785-555-6517,24675,60106,City,Fire,2018,Fire Starter Set,90,9.99,http://images.brickset.com/sets/images/60106-1.jpg,1
Kelly,Wilson,36,419-555-4451,24694,31047,Creator,,2018,Propeller Plane,230,19.99,http://images.brickset.com/sets/images/31047-1.jpg,1
Adam,Mehdinia,36,520-555-0348,25883,853568,Gear,Key Chains/City,2018,Prison Guard Key Chain,NA,5.99,http://images.brickset.com/sets/images/853568-1.jpg,2
Katelynn,Wardlaw,35,604-555-2142,24913,60112,City,Fire,2018,Fire Engine,376,49.99,http://images.brickset.com/sets/images/60112-1.jpg,1
Autriana,Hess,26,616-555-0154,24681,60114,City,Harbour,2018,Race Boat,95,9.99,http://images.brickset.com/sets/images/60114-1.jpg,1
Autriana,Hess,26,616-555-0154,24710,10806,Duplo,,2018,Horses,20,14.99,http://images.brickset.com/sets/images/10806-1.jpg,1
Autriana,Hess,26,616-555-0154,26025,41178,Elves,,2018,The Dragon Sanctuary,585,49.99,,1
Christy,Larsen,26,910-555-9252,24903,41558,Mixels,Series 7,2018,Mixadel,63,4.99,http://images.brickset.com/sets/images/41558-1.jpg,1
Christy,Larsen,26,910-555-9252,24735,41120,Friends,Adventure Camp,2018,Adventure Camp Archery,114,9.99,http://images.brickset.com/sets/images/41120-1.jpg,1
Tanner,Dockstader,21,573-555-4274,24789,75130,Star Wars,MicroFighters,2018,AT-DP,76,9.99,http://images.brickset.com/sets/images/75130-1.jpg,1
Tanner,Dockstader,21,573-555-4274,24690,31042,Creator,,2018,Super Soarer,100,9.99,http://images.brickset.com/sets/images/31042-1.jpg,2
Tanner,Dockstader,21,573-555-4274,25917,76058,Marvel Super Heroes,Ultimate Spider-Man,2018,Spider-Man: Ghost Rider Team-Up,217,19.99,http://images.brickset.com/sets/images/76058-1.jpg,1
Tanner,Dockstader,21,573-555-4274,24692,31044,Creator,,2018,Park Animals,202,14.99,http://images.brickset.com/sets/images/31044-1.jpg,2
Trenidy,Embrey,26,215-555-1034,25884,853571,Gear,Key Chains/Miscellaneous,2018,Hot Dog Guy Key Chain,NA,5.99,http://images.brickset.com/sets/images/853571-1.jpg,2
Trenidy,Embrey,26,215-555-1034,24779,75114,Star Wars,Buildable Figures,2018,First Order Stormtrooper,81,19.99,http://images.brickset.com/sets/images/75114-1.jpg,1
Trenidy,Embrey,26,215-555-1034,24791,75132,Star Wars,The Force Awakens,2018,First Order Battle Pack,88,12.99,http://images.brickset.com/sets/images/75132-1.jpg,3
Sean,Graves-Ayers,34,949-555-1759,25641,70326,Nexo Knights,,2018,The Black Knight Mech,530,39.99,,2
Sean,Graves-Ayers,34,949-555-1759,26035,41574,Mixels,Series 9,2018,Compax,66,4.99,,1
Paige,Ice,21,NA,24682,60115,City,Traffic,2018,4 x 4 Off Roader,176,19.99,http://images.brickset.com/sets/images/60115-1.jpg,1
Paige,Ice,21,NA,26038,41577,Mixels,Series 9,2018,Mysto,64,4.99,,1
Aiden,Ganley,19,786-555-5067,25639,70324,Nexo Knights,,2018,Merlok's Library 2.0,288,24.99,http://images.brickset.com/sets/images/70324-1.jpg,1
Aiden,Ganley,19,786-555-5067,24756,70310,Nexo Knights,,2018,Knighton Battle Blaster,76,9.99,http://images.brickset.com/sets/images/70310-1.jpg,2
Dustin,Vanvuuren,51,812-555-1009,24709,10803,Duplo,,2018,Arctic,40,29.99,http://images.brickset.com/sets/images/10803-1.jpg,2
Dustin,Vanvuuren,51,812-555-1009,24807,71235,Dimensions,Level Pack,2018,Level Pack: Midway Arcade,96,29.99,http://images.brickset.com/sets/images/71235-1.jpg,1
Dustin,Vanvuuren,51,812-555-1009,25920,75151,Star Wars,Episode III,2018,Clone Turbo Tank,903,109.99,http://images.brickset.com/sets/images/75151-1.jpg,1
Payton,Milsap,42,NA,24669,71304,Bionicle,Companions,2018,Terak - Creature of Earth,74,9.99,http://images.brickset.com/sets/images/71304-1.jpg,1
Payton,Milsap,42,NA,24702,76063,DC Comics Super Heroes,Mighty Micros,2018,The Flash vs. Captain Cold,88,9.99,http://images.brickset.com/sets/images/76063-1.jpg,3
Payton,Milsap,42,NA,24678,60109,City,Fire,2018,Fire Boat,412,79.99,http://images.brickset.com/sets/images/60109-1.jpg,2
Juana,Geisert,35,701-555-8100,25919,75150,Star Wars,Rebels,2018,Vader's TIE Advanced vs. A-wing Fighter,702,89.99,http://images.brickset.com/sets/images/75150-1.jpg,2
Juana,Geisert,35,701-555-8100,25644,71313,Bionicle,Reboot Villains,2018,Lava Beast,114,14.99,,1
Stephanie,Harrison,42,NA,24736,41121,Friends,Adventure Camp,2018,Adventure Camp Rafting,320,29.99,http://images.brickset.com/sets/images/41121-1.jpg,1
Benjamin,Park,33,NA,24785,75126,Star Wars,MicroFighters,2018,First Order Snowspeeder,91,9.99,http://images.brickset.com/sets/images/75126-1.jpg,1
Benjamin,Park,33,NA,25898,75145,Star Wars,Original Content,2018,Eclipse Fighter,363,29.99,http://images.brickset.com/sets/images/75145-1.jpg,4
Benjamin,Park,33,NA,25883,853568,Gear,Key Chains/City,2018,Prison Guard Key Chain,NA,5.99,http://images.brickset.com/sets/images/853568-1.jpg,1
Benjamin,Park,33,NA,24957,71309,Bionicle,Toa,2018,Onua - Uniter of Earth,143,19.99,http://images.brickset.com/sets/images/71309-1.jpg,2
Miles,Hill,34,NA,24758,70312,Nexo Knights,,2018,Lance's Mecha Horse,237,19.99,http://images.brickset.com/sets/images/70312-1.jpg,2
Carolyn,Quarry,23,567-555-7649,25627,70596,Ninjago,Rise of the Villains,2018,Samurai X Cave Chaos,1253,119.99,,2
Carolyn,Quarry,23,567-555-7649,24806,71311,Bionicle,Miscellaneous,2018,Kopaka and Melum - Unity set,171,24.99,http://images.brickset.com/sets/images/71311-1.jpg,2
Jennifer,Reinert,29,402-555-0467,24660,71241,Dimensions,Fun Pack,2018,Fun Pack: Slimer,33,14.99,http://images.brickset.com/sets/images/71241-1.jpg,3
Natalia,Vonduyke,16,859-555-3818,25879,853534,Gear,Key Chains/Ninjago,2018,Airjitzu Jay Key Chain,NA,5.99,http://images.brickset.com/sets/images/853534-1.jpg,2
Natalia,Vonduyke,16,859-555-3818,24714,10814,Duplo,,2018,Tow Truck,28,19.99,http://images.brickset.com/sets/images/10814-1.jpg,1
Natalia,Vonduyke,16,859-555-3818,24765,70332,Nexo Knights,Ultimate,2018,Ultimate Aaron,82,9.99,http://images.brickset.com/sets/images/70332-1.jpg,1
Natalia,Vonduyke,16,859-555-3818,25922,75149,Star Wars,The Force Awakens,2018,Resistance X-wing Fighter,740,79.99,http://images.brickset.com/sets/images/75149-1.jpg,1
Talise,Nieukirk,16,801-555-2343,24902,41556,Mixels,Series 7,2018,Tiketz,62,4.99,http://images.brickset.com/sets/images/41556-1.jpg,2
Spencer,Morgan,28,784-555-3455,26041,41580,Mixels,Series 9,2018,Myke,63,4.99,,2
Spencer,Morgan,28,784-555-3455,26060,5005051,Gear,Digital Media,2018,Friends of Heartlake City Girlz 4 Life,NA,19.99,,1
Amelia,Hageman,40,336-555-1950,24702,76063,DC Comics Super Heroes,Mighty Micros,2018,The Flash vs. Captain Cold,88,9.99,http://images.brickset.com/sets/images/76063-1.jpg,2
Amelia,Hageman,40,336-555-1950,24720,10830,Duplo,,2018,Minnie's Café,27,19.99,http://images.brickset.com/sets/images/10830-1.jpg,4

